product_name,product_id,listing_price,sale_price,discount,brand,description,rating,reviews,images,slug,tong_sp,chat_lieu,cong_nghe
Giày chạy bộ nam Nike Air Zoom Victory,1.0,0.0,4750000.0,0.0,NIKE,Vải Flyknit được kéo căng hấp và định hình Nó mang lại sự nhẹ nhàng vừa vặn với đường viền với khả năng hấp thụ nước tối thiểu và tăng cường khả năng thở,2.5,0.0,"[""https://firebasestorage.googleapis.com/v0/b/springboot-analysis.appspot.com/o/tmp%2Fu5wwsS0RMZ687Bdo_1702660112925.png?alt=media""]",giay-chay-bo-nam-nike-air-zoom-victory,1996.0,Vải Flyknit,Bọt Nike ZoomX ở gót chân cực kỳ nhạy và nhẹ mang lại cho bạn khả năng hoàn trả năng lượng và hấp thụ tác động tối ưu cho quãng đường của bạn Nó kết hợp với bộ phận Zoom Air mang lại năng lượng hoàn trả hiệu quả sau mỗi bước đi Tấm sợi carbon mang lại
Giày chạy bộ nam Nike Zoom Superfly Elite 2,2.0,0.0,600000.0,0.0,NIKE,Thiết kế của tấm đĩa được tạo ra bằng cách sử dụng dữ liệu từ hàng trăm vận động viên Kết quả là đế ngoài có độ cứng tăng lên và trọng lượng giảm Các đnh trên toàn bộ tấm cung cấp lực kéo giúp chân bạn bám chắc khi chạy vòng quanh Nó bao gồm 8 chốt b,3.0,0.0,"[""https://firebasestorage.googleapis.com/v0/b/springboot-analysis.appspot.com/o/tmp%2FB652QpqNqV3564Lx_1702661002171.jpg?alt=media""]",giay-chay-bo-nam-nike-zoom-superfly-elite-2,999.0,Vải Flyknit,Vải Flyknit được kéo căng hấp và định hình mang lại cảm giác nhẹ vừa vặn với khả năng hấp thụ nước tối thiểu và tăng cường khả năng thoáng khí
Giày chạy bộ nam Nike ZoomX Dragonfly Bowerman Track Club,3.0,0.0,3000000.0,0.0,NIKE,Thiết kế có gờ  Tấm lót bàn chân trước có gai được tạo ra bằng cách sử dụng dữ liệu từ hàng trăm vận động viên Nó giúp đảm bảo sự chuyển tiếp suôn sẻ từ cú đánh bằng ngón chân sang cú đánh bằng gót chân,1.0,0.0,"[""https://firebasestorage.googleapis.com/v0/b/springboot-analysis.appspot.com/o/tmp%2FB9EmnKesva20Zo3M_1702661422051.jpg?alt=media""]",giay-chay-bo-nam-nike-zoomx-dragonfly-bowerman-track-club,1497.0,Vải Flyknit,Bọt Nike ZoomX sử dụng kỹ thuật tiên tiến để biến tác động từ bước đi của bạn thành năng lượng cho sải bước tiếp theo của bạn Nó nhẹ hơn mềm hơn và phản ứng nhanh hơn các loại bọt khác
Giày chạy bộ nam Nike Air Zoom Maxfly,4.0,0.0,4750000.0,0.0,NIKE,Bộ phận Zoom Air ở bàn chân trước mang lại cho bạn độ nảy nhẹ và phản hồi nhanh khi chân bạn tiếp xúc với đường đua 2 buồng đệm trong bộ phận không khí thậm chí còn tăng thêm độ ổn định và lò xo Nó kết hợp với một tấm carbon có chiều dài đầy đủ để mang ,4.0,0.0,"[""https://firebasestorage.googleapis.com/v0/b/springboot-analysis.appspot.com/o/tmp%2F1xtgFPQKfiqI0TSo_1702661870217.jpg?alt=media""]",giay-chay-bo-nam-nike-air-zoom-maxfly,177.0,Vải dệt và tổng hợp,Thân giày bằng vải dệt và tổng hợp mang lại cho bạn cảm giác an toàn nhẹ nhàng Dây buộc có khía có nghĩa là ít có khả năng dây buộc bị tuột ra giữa chừng
Giày chạy bộ nam Nike Rival Sprint,5.0,0.0,1875000.0,0.0,NIKE,Cao su ở gót chân mang lại lớp đệm và độ bền cho bước chân của bạn cũng như lực kéo để phanh sau cuộc đua Dải giữa bàn chân mang lại sự vừa vặn năng động và ngăn chặn hỗ trợ qua vòm Lưới bàn chân trước được gia cố nhiều lớp mang lại sự thoáng khí và độ ,5.0,0.0,"[""https://firebasestorage.googleapis.com/v0/b/springboot-analysis.appspot.com/o/tmp%2Fq9MFfEbsUFKLybFu_1702662313974.jpg?alt=media""]",giay-chay-bo-nam-nike-rival-sprint,242.0,Nhôm gốm nhẹ,Chất liệu nhôm gốm nhẹ tăng thêm độ bền
Nike Pegasus Trail 4 GORETEX,6.0,0.0,4000000.0,0.0,NIKE,Ít cao su hơn dọc theo đế ngoài tạo ra sự chuyển tiếp suôn sẻ từ đường này sang đường mòn khác trong khi vẫn giữ được đế giữa React có chiều dài tối đa Đế ngoài bằng cao su bao quanh mặt trước của giày để tăng thêm độ bền Mô hình lực kéo tổng hợp kết hợ,0.0,0.0,"[""https://firebasestorage.googleapis.com/v0/b/springboot-analysis.appspot.com/o/tmp%2F0t9YfqaIPtBpbQTa_1702663047589.jpg?alt=media""]",nike-pegasus-trail-4-goretex,1495.0,Vải dệt và tổng hợp,Công nghệ Nike React là loại bọt nhẹ bền mang lại cảm giác êm ái và phản ứng nhanh Thiết kế toàn bộ chiều dài của nó mang lại sự ổn định khi bạn vượt qua địa hình nhiều đá
Giày chạy bộ nam NIKE DOWNSHIFTER 12,8.0,0.0,1615000.0,0.0,NIKE,Lớp bọt mềm dưới đế mang lại sự êm ái và hỗ trợ cho bạn khi bạn chạy và nhảy,0.0,0.0,"[""https://firebasestorage.googleapis.com/v0/b/springboot-analysis.appspot.com/o/tmp%2FnHwAaiAeqWfHWIuW_1702698647235.png?alt=media""]",giay-chay-bo-nam-nike-downshifter-12,3493.0,Vải dệt và tổng hợp,Được làm từ 20 thành phần tái chế tính theo trọng lượng Nike Downshifter 12 mang lại cảm giác vừa vặn và ổn định giúp bạn dễ dàng chuyển động bàn chân Chuyến đi của bạn đã bắt đầu Buộc chặt dây giày và chinh phục từng cự li
Giày chạy bộ Nike Pegasus Trail 4,9.0,0.0,2800000.0,0.0,NIKE,Đế ngoài bằng cao su có mô hình lực kéo tổng hợp được tạo ra bằng cách sử dụng dữ liệu từ những người chạy bộ như bạn Nó giúp chân bạn bám chắc ở những khu vực quan trọng giúp bạn đứng thẳng và ổn định trên những con đường mòn đầy đá đồng thời duy trì,5.0,1.0,"[""https://firebasestorage.googleapis.com/v0/b/springboot-analysis.appspot.com/o/tmp%2Fc9ACiZV5kPhviIbR_1702741686925.jpg?alt=media""]",giay-chay-bo-nike-pegasus-trail-4,2495.0,Công nghệ Nike React là loại bọt nhẹ bền mang lại cảm giác êm ái và phản ứng nhanh,Công nghệ Flywire được tích hợp với dải giữa bàn chân để hỗ trợ toàn diện giúp giữ chân bạn đúng vị trí
Giày chạy bộ Nike Zegama,10.0,0.0,4250000.0,0.0,NIKE,Đế giữa Nike ZoomX nhẹ kết hợp với chiều cao xếp chồng tăng lên để giúp cung cấp đệm trong thời gian chạy kéo dài,2.7,14.0,"[""https://firebasestorage.googleapis.com/v0/b/springboot-analysis.appspot.com/o/tmp%2F6yqgb8rp3rT1b9Xd_1702742158933.jpg?alt=media""]",giay-chay-bo-nike-zegama,1497.0,Vải Nike ZoomX,"Đệm ZoomX Foam mang lại sự nhẹ nhàng, êm ái và khả năng hoàn trả năng lượng vượt trội."
Giày chạy bộ Nike Kiger 9,11.0,0.0,4000000.0,0.0,NIKE,Phần trên nhẹ và có tính khử vì vậy giày có cảm giác như biến mất trên đôi chân của bạn trong khi vẫn cung cấp khả năng giảm chấn trên đường mòn Nó được làm bằng lưới kỹ thuật chắc chắn và linh hoạt hơn lưới thông thường đồng thời giúp ngăn bụi bẩn D,5.0,2.0,"[""https://firebasestorage.googleapis.com/v0/b/springboot-analysis.appspot.com/o/tmp%2FxSEUvuHs2CjbgyAV_1702743572587.jpg?alt=media""]",giay-chay-bo-nike-kiger-9,1497.0,Vật liệu cứng chống mài mòn,Công nghệ Nike React là loại bọt nhẹ bền mang lại cảm giác êm ái và phản ứng nhanh Chúng tôi đã triển khai đế giữa React đầy đủ và loại bỏ bộ phận Air ở bàn chân trước khỏi phiên bản trước để bạn có thể tiếp cận gần mặt đất hơn mà không phải hy sinh sự
Giày chạy bộ Nike InfinityRN 4,12.0,0.0,4000000.0,0.0,NIKE,Lớp lót chống thấm nước ở ngón chân giúp bạn luôn khô ráo khi thời tiết chuyển mùa,5.0,9.0,"[""https://firebasestorage.googleapis.com/v0/b/springboot-analysis.appspot.com/o/tmp%2Ft4dGBKiCzN9Thxc1_1702744095797.jpg?alt=media""]",giay-chay-bo-nike-infinityrn-4,1996.0,bọt ReactX với Flyknit,"Với công nghệ đệm ReactX, giày cung cấp độ êm ái vượt trội, giảm áp lực lên bàn chân và tăng khả năng hoàn trả năng lượng"
Giày chạy bộ Nike Pegasus 40,13.0,0.0,3250000.0,0.0,NIKE,Lưới một lớp được điều chnh cao tạo cảm giác mời gọi và vừa vặn Chúng tôi đã thiết kế lại dây đeo ở giữa bàn chân để vừa khít hơn với bàn chân có hình dáng phù hợp với mọi kích cỡ vòm bàn chân,4.5,67.0,"[""https://firebasestorage.googleapis.com/v0/b/springboot-analysis.appspot.com/o/tmp%2FONhrQ02Ek7gAA2Lw_1702744504772.jpg?alt=media""]",giay-chay-bo-nike-pegasus-40,1996.0,Vải đan,"Giày được trang bị công nghệ đệm React Foam, mang lại cảm giác êm ái và hỗ trợ tốt cho bàn chân"
Giày chạy bộ Nike Invincible 3,14.0,0.0,4500000.0,0.0,NIKE,Đế giữa rộng hơn mang lại độ ổn định cao hơn so với phiên bản trước của chúng tôi Ngăn xếp xốp cao hơn phiên bản trước của chúng tôi nâng cao tiêu chuẩn về khả năng giảm chấn và sự thoải mái trong một thiết kế đẹp mắt hơn Lớp nhựa chắc chắn quanh gót ,0.0,0.0,"[""https://firebasestorage.googleapis.com/v0/b/springboot-analysis.appspot.com/o/tmp%2Fj6zWq1u2tIsboG9a_1702744938778.jpg?alt=media""]",giay-chay-bo-nike-invincible-3,1996.0,Vải đan,Công nghệ Flyknit cải tiến
GIÀY CHẠY BỘ NHẸ ULTRABOOST,15.0,0.0,4750000.0,0.0,ADIDAS,Sợi ở phía trên chứa ít nhất 50 Parley Ocean Plastic và 50 polyester tái chế  Lượng khí thải mỗi cặp ít hơn tối thiểu 10 so với phiên bản trước,0.0,0.0,"[""https://firebasestorage.googleapis.com/v0/b/springboot-analysis.appspot.com/o/tmp%2F8h4jF0T2fAKhhcIW_1702745378348.jpg?alt=media""]",giay-chay-bo-nhe-ultraboost,1497.0,adidas PRIMEKNIT thân giày bằng vải dệt,Nổi bật với công nghệ Boost mang lại khả năng hoàn trả năng lượng tối ưu và sự thoải mái vượt trội
GIÀY CHẠY BỘ SUPERNOVA 20,16.0,0.0,1250000.0,0.0,ADIDAS,Đế ngoài TPU được phun trực tiếp Lưỡi và gót chân có đệm,4.4,48.0,"[""https://firebasestorage.googleapis.com/v0/b/springboot-analysis.appspot.com/o/tmp%2Fipn0WlwapcOIXmf5_1702745809438.jpg?alt=media""]",giay-chay-bo-supernova-20,1995.0,adidas PRIMEKNIT thân giày bằng vải dệt,Nổi bật với công nghệ Boost mang lại khả năng hoàn trả năng lượng tối ưu và sự thoải mái vượt trội
GIÀY CHẠY BỘ ADIDAS 4DFWD 2,17.0,0.0,2000000.0,0.0,ADIDAS,Cấu trúc hấp thụ tác động Đế ngoài bằng cao su Continental Phần trên chứa tối thiểu 50 hàm lượng tái chế,4.4,34.0,"[""https://firebasestorage.googleapis.com/v0/b/springboot-analysis.appspot.com/o/tmp%2FltdQe1onSMEVzvX8_1702746172965.jpg?alt=media""]",giay-chay-bo-adidas-4dfwd-2,1497.0,adidas PRIMEKNIT thân giày bằng vải dệt,Nổi bật với công nghệ Boost mang lại khả năng hoàn trả năng lượng tối ưu và sự thoải mái vượt trội
GIÀY CHẠY BỘ ADIZERO SL,18.0,0.0,2750000.0,0.0,ADIDAS,Đế giày cao su Phần trên chứa tối thiểu 50 hàm lượng tái chế,0.0,0.0,"[""https://firebasestorage.googleapis.com/v0/b/springboot-analysis.appspot.com/o/tmp%2FFSWq93JgAXb97hA5_1702746694001.jpg?alt=media""]",giay-chay-bo-adizero-sl,1995.0,EVA siêu nhẹ,"Với công nghệ đệm Lightstrike mang đến cảm giác mềm mại và phản hồi nhanh chóng. Đế ngoài sử dụng cao su Continental nổi tiếng, cung cấp độ bám tuyệt vời trên nhiều bề mặt"
GIÀY CHẠY BỘ NĂNG LƯỢNG MẶT TRỜI,19.0,0.0,2100000.0,0.0,ADIDAS,Lưới thiết kế phía trên Hệ thống đẩy năng lượng tuyến tính Nền tảng EVA mật độ kép Đế giữa BOOST,4.3,16.0,"[""https://firebasestorage.googleapis.com/v0/b/springboot-analysis.appspot.com/o/tmp%2FW14Itr9e8f8AdWfd_1702747063690.jpg?alt=media""]",giay-chay-bo-nang-luong-mat-troi,1497.0,EVA siêu nhẹ,
GIÀY CHẠY BỘ ADIZERO ADIOS PRO 3,20.0,0.0,6250000.0,0.0,ADIDAS,Đế ngoài bằng cao su Continental Phần trên chứa tối thiểu 50 hàm lượng tái chế,0.0,0.0,"[""https://firebasestorage.googleapis.com/v0/b/springboot-analysis.appspot.com/o/tmp%2F9ARByB0y04TK3U6k_1702747413990.jpg?alt=media""]",giay-chay-bo-adizero-adios-pro-3,1497.0,Vải tổng hợp,NĂNG LƯỢNG hạn chế tổn thất năng lượng
Giày chạy bộ  GTX SOULSTRIDE FLOW,22.0,0.0,4000000.0,0.0,ADIDAS,Mặt trên bằng lưới được thiết kế với mối hàn chống mài mòn Cảm giác đệm Màng GORETEX Invisible Fit Đế giữa ánh sáng Đế ngoài bằng cao su Continental Phần trên chứa tối thiểu 50 hàm lượng tái chế,0.0,0.0,"[""https://firebasestorage.googleapis.com/v0/b/springboot-analysis.appspot.com/o/tmp%2FkGlwBzc7gFLiat8F_1702877738816.jpg?alt=media""]",giay-chay-bo-gtx-soulstride-flow,998.0,Tái chế,"Với công nghệ GORE-TEX, giày mang lại khả năng chống nước tuyệt vời, giúp bạn duy trì sự khô ráo khi chạy trong điều kiện thời tiết xấu, đồng thời cung cấp sự thoải mái và hỗ trợ ổn định trên mọi địa hình."
GIÀY CHẠY ĐỊA HÌNH TERREX AGRAVIC FLOW GORETEX 20,23.0,7995.0,2800000.0,0.0,ADIDAS,Bộ đệm và ổn định ánh sáng Promoderator Đế ngoài bằng cao su Continental Phần trên chứa tối thiểu 50 hàm lượng tái chế,4.2,6.0,"[""https://firebasestorage.googleapis.com/v0/b/springboot-analysis.appspot.com/o/tmp%2FCnGxakAwLFMQweRT_1702878256709.jpg?alt=media""]",giay-chay-dia-hinh-terrex-agravic-flow-goretex-20,1497.0,Màng GORETEX,Dòng giày này mang lại sự kết hợp hoàn hảo giữa khả năng bảo vệ chống nước nhờ công nghệ GORE-TEX và tính linh hoạt khi chạy địa hình. Đế giày được thiết kế với độ bám tuyệt vời
GIÀY CHẠY BỘ TERREX SOULSTRIDE RAINRDY,24.0,0.0,1250000.0,0.0,ADIDAS,Mặt trên bằng lưới được thiết kế với lớp phủ liền mạch Lớp hoàn thiện chống thấm nước không chứa PFC,5.0,2.0,"[""https://firebasestorage.googleapis.com/v0/b/springboot-analysis.appspot.com/o/tmp%2FqJ78NX08h7L9wro6_1702878843334.jpg?alt=media""]",giay-chay-bo-terrex-soulstride-rainrdy,998.0,Tái chế,"Sản phẩm này được trang bị công nghệ RainRdy, giúp giày chống nước và giữ cho đôi chân luôn khô ráo trong điều kiện mưa."
Giay chạy bộ 4DFWD X STRUNG,25.0,0.0,7500000.0,0.0,ADIDAS,Đế giữa in 3D 4D Đế ngoài bằng cao su Continental,4.4,22.0,"[""https://firebasestorage.googleapis.com/v0/b/springboot-analysis.appspot.com/o/tmp%2F7B1iGOieuUnylLO8_1702879472565.jpg?alt=media""]",giay-chay-bo-4dfwd-x-strung,,EVA và chất liệu tái chế,Đây là dòng giày cao cấp của Adidas với công nghệ 4DFWD giúp cung cấp sự đàn hồi và năng lượng hoàn trả tối đa
Giày chạy bộ 4DFWD 3 W,27.0,0.0,5000000.0,0.0,ADIDAS,Cấu trúc hấp thụ tác động Độ tụt đế giữa 113 mm gót chân 24 mm  bàn chân trước 127 mm Đế ngoài bằng cao su Continental Chứa tối thiểu 20 hàm lượng tái chế và tái tạo,4.0,65.0,"[""https://firebasestorage.googleapis.com/v0/b/springboot-analysis.appspot.com/o/tmp%2Fyd85snfYfiTj1QKU_1702880342002.jpg?alt=media""]",giay-chay-bo-4dfwd-3-w,998.0,adidas PRIMEKNIT,Đế giữa in 3D 4D
GIÀY CHẠY BỘ 4DFWD 2,28.0,0.0,2250000.0,0.0,ADIDAS,Độ tụt đế giữa 11 mm gót chân 32 mm  bàn chân trước 21 mm Đế ngoài bằng cao su Continental Phần trên chứa tối thiểu 50 hàm lượng tái chế,0.0,0.0,"[""https://firebasestorage.googleapis.com/v0/b/springboot-analysis.appspot.com/o/tmp%2FZbqRx1qwwnQygdVE_1702880724371.jpg?alt=media""]",giay-chay-bo-4dfwd-2,1497.0,adidas PRIMEKNIT và vật liệu tái chế,"Được trang bị công nghệ đế 4D, giày này mang lại sự ổn định và hỗ trợ tối đa cho người chạy. Đế giày được thiết kế với các khối 3D đặc biệt giúp giảm chấn và tạo đà cho bước chạy, mang lại cảm giác êm ái và phản hồi nhanh"
GIÀY CHẠY BỘ 4DFWD 2,29.0,0.0,2250000.0,0.0,ADIDAS,Độ tụt đế giữa 11 mm gót chân 32 mm  bàn chân trước 21 mm Đế ngoài bằng cao su Continental Phần trên chứa tối thiểu 50 hàm lượng tái chế,4.0,1.0,"[""https://firebasestorage.googleapis.com/v0/b/springboot-analysis.appspot.com/o/tmp%2FZbqRx1qwwnQygdVE_1702880724371.jpg?alt=media""]",giay-chay-bo-4dfwd-2,,adidas PRIMEKNIT và vật liệu tái chế,"Cũng sở hữu công nghệ đế 4D, giày này cung cấp sự hỗ trợ và độ bám vững chắc, giúp nâng cao hiệu suất cho những người chạy địa hình hoặc đường dài. Thiết kế này tối ưu hóa độ phản hồi và sự thoải mái"
Giày chạy bộ Fresh Foam X 1080v13,30.0,0.0,4125000.0,0.0,NEW BALANCE,Bọt đế giữa Fresh Foam X với hàm lượng gốc sinh học khoảng 3 mang đến trải nghiệm Fresh Foam êm ái nhất của chúng tôi để mang lại sự thoải mái đáng kinh ngạc Nội dung dựa trên sinh học được tạo ra từ các nguồn tài nguyên có thể tái tạo để giúp giảm lượn,4.3,4.0,"[""https://firebasestorage.googleapis.com/v0/b/springboot-analysis.appspot.com/o/tmp%2FCJoPr9gagz3jESGP_1702965075910.jpg?alt=media""]",giay-chay-bo-fresh-foam-x-1080v13,1497.0,Mặt trên bằng lưới được thiết kế thoáng khí có lớp da thứ hai vừa khít mang lại cảm giác có cấu trúc hỗ trợ,"Đây là dòng giày chạy bộ cao cấp của New Balance, nổi bật với công nghệ đệm Fresh Foam X mang lại cảm giác êm ái, mềm mại và hỗ trợ tối đa trong suốt quá trình chạy. Được thiết kế với phần trên thoáng khí và đế ngoài bằng cao su bền"
Giày chạy bộ Fresh Foam X More v4,31.0,0.0,3750000.0,0.0,NEW BALANCE,Bọt đế giữa Fresh Foam X với hàm lượng gốc sinh học khoảng 3 mang đến trải nghiệm Fresh Foam êm ái nhất của chúng tôi để mang lại sự thoải mái đáng kinh ngạc Nội dung dựa trên sinh học được tạo ra từ các nguồn tài nguyên có thể tái tạo để giúp giảm lượn,0.0,0.0,"[""https://firebasestorage.googleapis.com/v0/b/springboot-analysis.appspot.com/o/tmp%2FeFjiAPCi64Ob67S3_1702965682650.jpg?alt=media""]",giay-chay-bo-fresh-foam-x-more-v4,1496.0,Mặt trên bằng lưới được thiết kế với khả năng hỗ trợ theo vùng và khả năng thoáng khí,Bọt đế giữa Fresh Foam X với hàm lượng gốc sinh học khoảng 3
Giày chạy bộ Fresh Foam Arishi v4,32.0,0.0,1750000.0,0.0,NEW BALANCE,Đệm đế giữa Fresh Foam được thiết kế chính xác để mang lại cảm giác đi lại siêu êm và nhẹ Được thiết kế để có thể đeo cả ngày trong gói thể thao,4.2,5.0,"[""https://firebasestorage.googleapis.com/v0/b/springboot-analysis.appspot.com/o/tmp%2FkKdUT1nn2qUAEbHj_1702965942115.jpg?alt=media""]",giay-chay-bo-fresh-foam-arishi-v4,1497.0,Thân trên bằng lưới nhẹ và thoáng khí Vật liệu tổng hợp Đế ngoài cao su cho độ bền,"Dòng giày này cũng sử dụng công nghệ đệm Fresh Foam, nhưng với thiết kế nhẹ nhàng hơn, thích hợp cho các vận động viên chạy bộ có nhu cầu nhẹ nhàng, linh hoạt"
Giày chạy bộ FuelCell Rebel v3,33.0,0.0,2600000.0,0.0,NEW BALANCE,Thân trên bằng vải dệt kim được thiết kế nhẹ không có lớp phủ may Lưỡi có rãnh được thiết kế để giúp giữ mảnh vụn ra ngoài Vật liệu tổng hợp Dây buộc có thể điều chnh vừa vặn an toàn Điểm nhấn phản chiếu được thiết kế để bắt ánh sáng giảm 6 mm do sự kh,5.0,1.0,"[""https://firebasestorage.googleapis.com/v0/b/springboot-analysis.appspot.com/o/tmp%2Fbb4Cs1xqZHzCpAxB_1702966342228.jpg?alt=media""]",giay-chay-bo-fuelcell-rebel-v3,998.0,Sợi vi lượng chứa hợp chất mới REVlite,Bọt FuelCell mang lại cảm giác đẩy giúp bạn tiến về phía trước
GIÀY TẬP DROPSET 2,34.0,0.0,3250000.0,0.0,ADIDAS,Thành bên TPU hỗ trợ giúp ổn định phần giữa bàn chân và gót chân Đế giữa mật độ kép với cửa sổ luồng khí giúp thoáng khí,4.9,7.0,"[""https://firebasestorage.googleapis.com/v0/b/springboot-analysis.appspot.com/o/tmp%2FswBaGgqakwRMUxHK_1703050783111.jpg?alt=media""]",giay-tap-dropset-2,0.0,Thân giày bằng vải dệt có lớp phủ tổng hợp,Hệ thống dây buộc có thể điều chinh
GIÀY TẬP AMPLIMOVE,35.0,15995.0,1750000.0,0.0,ADIDAS,Đế giữa VisTech EVA được điêu khắc Đế ngoài cao su đa hướng Chứa ít nhất 20 nội dung tái chế,0.0,0.0,"[""https://firebasestorage.googleapis.com/v0/b/springboot-analysis.appspot.com/o/tmp%2FtbAbUqyhX53VzSLG_1703051260798.jpg?alt=media""]",giay-tap-amplimove,0.0,Thân trên bằng lưới liền mạch với lớp phủ hàn,Lớp phủ hỗ trợ TPU được khoanh vùng ở bàn chân trước và bàn chân giữa
Giày tập Nike Metcon 9 AMP,36.0,0.0,4000000.0,0.0,ADIDAS,Đế ngoài hoàn toàn bằng cao su mang lại lực kéo bền b cho các chuyển động năng động như dọn dẹp và đi bộ Chất liệu vải thoáng khí có hình in xúc giác tạo hiệu ứng 3D giúp tăng thêm độ bền và kết cấu giúp bạn giữ giày sạch sẽ dễ dàng hơn Ngoài ra nó,0.0,0.0,"[""https://firebasestorage.googleapis.com/v0/b/springboot-analysis.appspot.com/o/tmp%2F5ZkpKmPogSg1jiBX_1703051519386.jpg?alt=media""]",giay-tap-nike-metcon-9-amp,0.0,Chất liệu vải thoáng khí có hình in xúc giác,"Dòng giày này được thiết kế cho các bài tập cường độ cao và vận động mạnh. Với đế giày chắc chắn và bền bỉ, Metcon 9 AMP cung cấp sự ổn định tuyệt vời"
Giày tập Nike Metcon 9,37.0,0.0,3750000.0,0.0,ADIDAS,Hệ thống khóa ren gắn vào lưỡi giày nên bạn không phải lo lắng về việc khóa ren vào bất kỳ loại vải nào Nó giúp giữ dây buộc của bạn đúng vị trí vì vậy khi bạn buộc dây bạn có thể ch tập trung vào việc tập luyện của mình,0.0,0.0,"[""https://firebasestorage.googleapis.com/v0/b/springboot-analysis.appspot.com/o/tmp%2FS4OhqBpoCH0fenig_1703051795075.jpg?alt=media""]",giay-tap-nike-metcon-9,0.0,Chất liệu vải thoáng khí có hình in xúc giác,"Được cải tiến với công nghệ đế vững chắc và thoải mái, Nike Metcon 9 là sự lựa chọn lý tưởng cho các vận động viên và những người tập thể dục cường độ cao"
Giày Chạy Bộ Nữ New Balance Fresh Foam Evoz V2,38.0,0.0,987750.0,0.0,ADIDAS,Đệm giữa Fresh Foam được thiết kế chính xác để mang đến một chuyến đi siêu thoải mái và nhẹ,5.0,3.0,"[""https://firebasestorage.googleapis.com/v0/b/springboot-analysis.appspot.com/o/tmp%2FB6AlxXGecC47149F_1703052908764.png?alt=media""]",giay-chay-bo-nu-new-balance-fresh-foam-evoz-v2,1200.0,Đế ngoài bằng cao su hoàn toàn cho lực kéo và độ bền,Mối hàn TPU
Giày Chạy Bộ Nam New Balance Fresh Foam X 880V12,39.0,0.0,1977000.0,0.0,ADIDAS,Fresh Foam X 880v12 là sự cải tiến với một hợp chất bọt mềm đồng thời đôi giày có một lớp lưới jacquard thời trang,0.0,0.0,"[""https://firebasestorage.googleapis.com/v0/b/springboot-analysis.appspot.com/o/tmp%2FXozEWJHjxdhaSZ6V_1703053775257.png?alt=media""]",giay-chay-bo-nam-new-balance-fresh-foam-x-880v12,700.0,Cấu tạo đế giữa hai lớp với đệm mút Fresh Foam X ở một số vị trí ,"Dòng giày này sử dụng công nghệ Fresh Foam X để cung cấp sự đệm êm ái và nhẹ nhàng, giúp người chạy cảm thấy thoải mái trên các chặng đường dài."
Giày Chạy Bộ Nam New Balance Hierro Fresh Foam,40.0,0.0,1747500.0,0.0,ADIDAS,Đế ngoài Vibram Megagrip mang lại độ bám cao hơn Vibram là thương hiệu đã đăng k của VIBRAM SpA,1.0,1.0,"[""https://firebasestorage.googleapis.com/v0/b/springboot-analysis.appspot.com/o/tmp%2FTYdrPNUcmEBjdqXY_1703059102662.png?alt=media""]",giay-chay-bo-nam-new-balance-hierro-fresh-foam,105.0,Phần trên upper sử dụng chất liệu tổng hợp phối lưới có cấu trúc thoáng khí nhưng được bảo vệ,"Được trang bị công nghệ Fresh Foam đặc trưng, giày Hierro mang đến sự đệm êm ái và hỗ trợ vượt trội, đặc biệt phù hợp cho chạy địa hình."
Xin chào,,,,,,Tôi có thể giúp gì cho bạn,,,,,,,
Size giày có chuẩn không?,,,,,,Size giày theo tiêu chuẩn quốc tế. Bạn có thể tham khảo bảng size để chọn đúng.,,,,,,,
Chính sách đổi trả giày như thế nào?,,,,,,Bạn có thể đổi trả trong vòng 7 ngày nếu giày không bị hư hỏng hoặc đã sử dụng.,,,,,,,
Có bảo hành giày không?,,,,,,"Có, sản phẩm được bảo hành trong 6 tháng đối với lỗi từ nhà sản xuất.",,,,,,,
Giày có chống nước không?,,,,,,"Một số mẫu giày có khả năng chống nước, vui lòng xem chi tiết sản phẩm cụ thể.",,,,,,,
Làm sao để phân biệt giày thật và giả?,,,,,,"Bạn nên kiểm tra chi tiết logo, chất liệu và nơi sản xuất từ nguồn chính hãng.",,,,,,,
Thời gian giao hàng là bao lâu?,,,,,,"Thời gian giao hàng thường từ 3-5 ngày làm việc, tùy thuộc vào địa chỉ của bạn.",,,,,,,
Có chương trình giảm giá hay khuyến mãi không?,,,,,,"Chúng tôi thường xuyên có các chương trình khuyến mãi, hãy theo dõi website.",,,,,,,
Thanh toán có những phương thức nào?,,,,,,"Bạn có thể thanh toán qua thẻ tín dụng, chuyển khoản hoặc thanh toán khi nhận.",,,,,,,
Chất liệu giày là gì?,,,,,,"Giày được làm từ nhiều loại chất liệu như da, vải canvas, hoặc chất liệu tổng hợp.",,,,,,,
Giày có phù hợp để chạy bộ không?,,,,,,Một số dòng giày chuyên dụng như Nike Air hay Adidas Boost rất phù hợp để chạy bộ.,,,,,,,
Giày có dễ vệ sinh không?,,,,,,Bạn có thể vệ sinh giày bằng khăn ẩm hoặc dung dịch vệ sinh giày chuyên dụng.,,,,,,,
Giày có phù hợp cho cả nam và nữ không?,,,,,,"Một số mẫu giày là unisex, phù hợp cho cả nam và nữ, bạn có thể tham khảo chi tiết.",,,,,,,
Tôi có thể kiểm tra tình trạng đơn hàng của mình không?,,,,,,Bạn có thể theo dõi tình trạng đơn hàng qua trang web hoặc liên hệ dịch vụ khách hàng.,,,,,,,
Giày có bền không?,,,,,,"Sản phẩm được làm từ chất liệu chất lượng cao, đảm bảo độ bền lâu dài khi sử dụng.",,,,,,,
Làm thế nào để chọn đúng size giày online?,,,,,,Bạn nên đo kích thước chân theo bảng hướng dẫn size hoặc liên hệ tư vấn viên.,,,,,,,
Có những mẫu giày nào phù hợp cho việc đi du lịch?,,,,,,Giày thể thao nhẹ hoặc giày lười thường là lựa chọn lý tưởng cho việc đi du lịch.,,,,,,,
Giày có hỗ trợ cho người bị đau chân không?,,,,,,"Một số mẫu giày có thiết kế hỗ trợ vòm chân và đệm êm, phù hợp cho người bị đau chân.",,,,,,,
Có thể mua giày theo set đồ không?,,,,,,"Chúng tôi có cung cấp các set đồ đi kèm với giày như balo, vớ và phụ kiện khác.",,,,,,,
Tôi có thể đặt hàng số lượng lớn không?,,,,,,"Có, vui lòng liên hệ với bộ phận kinh doanh để nhận ưu đãi khi mua số lượng lớn.",,,,,,,
Chất liệu đế giày là gì?,,,,,,"Đế giày thường làm từ cao su, nhựa EVA, hoặc phylon để tạo sự thoải mái và bám tốt.",,,,,,,
Giày có phù hợp để đi dưới mưa không?,,,,,,"Một số mẫu giày được làm từ chất liệu chống thấm nước, phù hợp cho điều kiện mưa.",,,,,,,
Tôi có thể đặt trước các mẫu giày mới không?,,,,,,Bạn có thể đặt trước các mẫu giày mới thông qua chương trình pre-order trên website.,,,,,,,
Giày có phù hợp với người cao tuổi không?,,,,,,"Các mẫu giày có đệm êm, hỗ trợ vòm chân sẽ phù hợp với người cao tuổi.",,,,,,,
Giày có bị phai màu sau một thời gian sử dụng không?,,,,,,"Với công nghệ in hiện đại, giày sẽ giữ màu tốt trong thời gian dài nếu bảo quản đúng cách.",,,,,,,
Tôi có thể yêu cầu thêm hình ảnh sản phẩm không?,,,,,,Bạn có thể yêu cầu thêm hình ảnh chi tiết của sản phẩm qua bộ phận hỗ trợ khách hàng.,,,,,,,
Có phụ kiện nào đi kèm khi mua giày không?,,,,,,"Một số mẫu giày có tặng kèm dây giày, vớ hoặc bộ vệ sinh giày khi mua.",,,,,,,
Giày có phong cách phù hợp với thời trang hiện nay không?,,,,,,Các mẫu giày của chúng tôi đều được cập nhật theo xu hướng thời trang mới nhất.,,,,,,,
Giày có làm từ chất liệu thân thiện với môi trường không?,,,,,,Một số mẫu giày được làm từ vật liệu tái chế và thân thiện với môi trường.,,,,,,,
Giày có bị hở keo sau một thời gian sử dụng không?,,,,,,"Sản phẩm được gia công chắc chắn, nếu có lỗi keo hở, bạn có thể bảo hành miễn phí.",,,,,,,
Tôi có thể nhận hỗ trợ sau khi mua hàng không?,,,,,,"Có, chúng tôi có dịch vụ hỗ trợ sau mua hàng qua hotline hoặc chat trực tuyến.",,,,,,,
Giày có khả năng chống trượt không?,,,,,,"Nhiều mẫu giày thể thao và giày đi bộ có đế chống trượt, đảm bảo an toàn khi di chuyển.",,,,,,,
Có thể mua giày theo phong cách không?,,,,,,"Chắc chắn! Chúng tôi cung cấp nhiều phong cách như thể thao, công sở, và thời trang.",,,,,,,
Tôi có thể đặt hàng từ nước ngoài không?,,,,,,"Hiện tại, chúng tôi chỉ giao hàng trong nước, không hỗ trợ giao hàng quốc tế.",,,,,,,
Có loại giày nào thích hợp cho người tập yoga không?,,,,,,"Giày tập yoga thường nhẹ, thoáng khí và linh hoạt, giúp bạn dễ dàng thực hiện các động tác.",,,,,,,
Làm sao để biết giày có thực sự chính hãng không?,,,,,,Bạn nên mua giày từ các cửa hàng chính hãng hoặc có giấy tờ chứng minh nguồn gốc rõ ràng.,,,,,,,
Giày có mùi hôi khi mới mua không?,,,,,,"Một số giày mới có thể có mùi nhẹ từ chất liệu, nhưng sẽ giảm đi sau khi sử dụng một thời gian.",,,,,,,
Giày có phù hợp với người bị dị ứng không?,,,,,,"Một số mẫu giày được làm từ chất liệu không gây dị ứng, bạn nên kiểm tra thông tin sản phẩm.",,,,,,,
Tôi có thể yêu cầu thay đổi màu sắc không?,,,,,,"Hiện tại, chúng tôi không nhận đặt hàng thay đổi màu sắc, bạn có thể chọn màu có sẵn.",,,,,,,
Có mẫu giày nào dành cho mùa hè không?,,,,,,"Có, chúng tôi có nhiều mẫu giày sandal và giày lưới thông thoáng rất phù hợp cho mùa hè.",,,,,,,
Có thể tìm thấy giày giảm giá ở đâu?,,,,,,Bạn có thể tìm các mẫu giày giảm giá trên website hoặc các chương trình khuyến mãi theo mùa.,,,,,,,
Có cách nào để nhận thông báo khi có mẫu mới không?,,,,,,Bạn có thể đăng ký nhận bản tin qua email để được thông báo về các mẫu mới và khuyến mãi.,,,,,,,
Giày có gây khó chịu khi mang trong thời gian dài không?,,,,,,"Một số mẫu giày được thiết kế để thoải mái khi mang lâu, nhưng bạn nên chọn size phù hợp.",,,,,,,
Làm thế nào để chọn giày cho dịp đặc biệt?,,,,,,"Bạn nên chọn giày có kiểu dáng trang trọng, màu sắc trang nhã phù hợp với trang phục.",,,,,,,
Có thể mua giày online và nhận hàng tại cửa hàng không?,,,,,,"Có, bạn có thể chọn hình thức nhận hàng tại cửa hàng khi đặt hàng online.",,,,,,,
Giày có khả năng thoát ẩm không?,,,,,,"Một số mẫu giày được thiết kế với chất liệu thoáng khí, giúp thoát ẩm tốt hơn.",,,,,,,
Tôi có thể mua giày trên mạng mà không sợ lừa đảo không?,,,,,,Bạn nên mua từ các trang web uy tín và có chính sách bảo mật thông tin khách hàng.,,,,,,,
Có mẫu giày nào đi bộ trong mùa đông không?,,,,,,"Có, chúng tôi có nhiều mẫu giày ấm và chống nước rất phù hợp cho mùa đông.",,,,,,,
Giày có bám đất và bụi không?,,,,,,"Một số mẫu giày có bề mặt dễ vệ sinh, bạn nên chọn chất liệu dễ lau chùi.",,,,,,,
Có thể thử giày trước khi mua không?,,,,,,"Tại các cửa hàng, bạn có thể thử giày trước khi mua để đảm bảo vừa vặn.",,,,,,,
Giày có những màu sắc nào?,,,,,,"Chúng tôi có nhiều màu sắc khác nhau như đen, trắng, xanh, đỏ, và các màu khác.",,,,,,,
Tôi có thể mua giày từ người bán hàng thứ ba không?,,,,,,"Bạn nên cẩn thận khi mua giày từ người bán hàng thứ ba, hãy kiểm tra tính hợp lệ.",,,,,,,
Có cần đăng ký thành viên để mua hàng không?,,,,,,"Bạn không cần đăng ký thành viên, nhưng đăng ký sẽ giúp bạn nhận được ưu đãi đặc biệt.",,,,,,,
Giày có thể giặt máy không?,,,,,,"Không nên giặt giày bằng máy, bạn nên vệ sinh bằng tay để bảo quản giày tốt hơn.",,,,,,,
Tôi có thể nhờ nhân viên tư vấn khi mua giày không?,,,,,,"Có, nhân viên cửa hàng luôn sẵn sàng tư vấn cho bạn để chọn được đôi giày phù hợp.",,,,,,,
Giày có dễ dàng tháo lắp không?,,,,,,"Hầu hết các mẫu giày đều dễ dàng tháo lắp và mang vào, đặc biệt là giày thể thao.",,,,,,,
Tôi có thể dùng giày trong các hoạt động thể thao khác không?,,,,,,Nhiều mẫu giày thể thao đa năng phù hợp cho nhiều hoạt động thể thao khác nhau.,,,,,,,
Có thể đặt hàng online và đổi trả tại cửa hàng không?,,,,,,"Có, bạn có thể đặt hàng online và đổi trả tại cửa hàng trong thời gian quy định.",,,,,,,
Giày có chất liệu gì an toàn cho sức khỏe không?,,,,,,"Chúng tôi cung cấp nhiều mẫu giày làm từ chất liệu an toàn, không gây độc hại cho sức khỏe.",,,,,,,
Có mẫu giày nào dễ mang và tháo không?,,,,,,Các mẫu giày lười hoặc sandal thường dễ mang và tháo hơn các loại giày khác.,,,,,,,
Tôi có thể yêu cầu giày phù hợp với phong cách cá nhân không?,,,,,,"Chúng tôi có nhiều mẫu giày đa dạng, bạn có thể chọn phù hợp với phong cách cá nhân.",,,,,,,
Có thể mang giày da trong mùa hè không?,,,,,,"Giày da có thể mang trong mùa hè, nhưng bạn nên chọn loại da thông thoáng.",,,,,,,
Giày có thể dùng cho cả đi bộ và chạy không?,,,,,,"Nhiều mẫu giày thể thao đều phù hợp cho cả đi bộ và chạy, nhưng bạn nên chọn giày chuyên dụng cho từng hoạt động.",,,,,,,
Tôi có thể thay đổi kiểu dáng giày không?,,,,,,"Hiện tại, chúng tôi không nhận thay đổi kiểu dáng giày, bạn có thể chọn mẫu khác.",,,,,,,
Giày có đế cao giúp tăng chiều cao không?,,,,,,Nhiều mẫu giày có thiết kế đế cao giúp bạn tăng chiều cao hiệu quả.,,,,,,,
Có mẫu giày nào phù hợp cho tiệc cưới không?,,,,,,"Có, chúng tôi có nhiều mẫu giày sang trọng, phù hợp cho tiệc cưới hoặc sự kiện đặc biệt.",,,,,,,
Tôi có thể tìm hiểu về xu hướng giày mới ở đâu?,,,,,,Bạn có thể theo dõi trang web của chúng tôi hoặc các tạp chí thời trang để cập nhật xu hướng mới.,,,,,,,
Giày có bền trong thời gian dài không?,,,,,,"Các mẫu giày của chúng tôi được làm từ chất liệu bền, nhưng độ bền cũng phụ thuộc vào cách sử dụng và bảo quản.",,,,,,,
Có cách nào để phân loại giày theo loại hoạt động không?,,,,,,"Bạn có thể tìm kiếm theo danh mục như giày thể thao, giày đi bộ, giày công sở trên trang web.",,,,,,,
Có mẫu giày nào được ưa chuộng nhất không?,,,,,,"Những mẫu giày như Adidas Ultra Boost, Nike Air Max thường rất được ưa chuộng.",,,,,,,
Tôi có thể trả hàng nếu không hài lòng không?,,,,,,"Có, bạn có thể trả hàng trong vòng 7 ngày nếu sản phẩm không như mong đợi.",,,,,,,
Giày có kích thước châu Âu và Mỹ khác nhau không?,,,,,,"Có, kích thước giày châu Âu và Mỹ thường có sự khác biệt trong cách đo.",,,,,,,
Có thể tìm giày phù hợp với bệnh nhân tiểu đường không?,,,,,,"Có, chúng tôi cung cấp các mẫu giày chuyên dụng cho người bị tiểu đường.",,,,,,,
Tôi có thể trả hàng nếu nhận được giày bị lỗi không?,,,,,,"Có, bạn có thể trả hàng nếu sản phẩm bị lỗi hoặc hư hỏng.",,,,,,,
Giày có thể đi mưa không?,,,,,,"Một số mẫu giày được thiết kế chống nước, nhưng bạn nên tránh đi trong mưa nếu giày không có khả năng này.",,,,,,,
Có mẫu giày nào có đế lót tháo rời không?,,,,,,"Có, nhiều mẫu giày thể thao và giày đi bộ có đế lót tháo rời để dễ dàng vệ sinh.",,,,,,,
Tôi có thể yêu cầu giao hàng vào cuối tuần không?,,,,,,"Có, bạn có thể yêu cầu giao hàng vào cuối tuần tùy thuộc vào dịch vụ giao hàng của chúng tôi.",,,,,,,
Giày có dễ phối với trang phục không?,,,,,,Nhiều mẫu giày thiết kế đơn giản dễ dàng phối hợp với nhiều loại trang phục khác nhau.,,,,,,,
Có thể bảo quản giày da bằng cách nào?,,,,,,Bạn nên dùng kem dưỡng da và để giày ở nơi khô ráo để bảo quản giày da tốt hơn.,,,,,,,
Có thể giặt giày bằng nước nóng không?,,,,,,"Không nên, nước nóng có thể làm hỏng chất liệu giày, bạn nên sử dụng nước lạnh.",,,,,,,
Có giày nào dành cho các vận động viên không?,,,,,,"Chắc chắn, chúng tôi có nhiều mẫu giày thể thao chuyên dụng cho các vận động viên.",,,,,,,
Tôi có thể yêu cầu tư vấn trực tuyến không?,,,,,,"Có, chúng tôi có dịch vụ tư vấn trực tuyến qua chat hoặc hotline.",,,,,,,
Giày có thể giúp cải thiện tư thế đi bộ không?,,,,,,"Một số mẫu giày có thiết kế hỗ trợ cấu trúc bàn chân, giúp cải thiện tư thế đi bộ.",,,,,,,
Có mẫu giày nào nhẹ và thoáng khí không?,,,,,,"Có, nhiều mẫu giày thể thao được thiết kế nhẹ và thoáng khí rất phù hợp cho mùa hè.",,,,,,,
Có thể mua giày online và nhận hàng miễn phí không?,,,,,,Chúng tôi có dịch vụ giao hàng miễn phí cho đơn hàng trên một mức giá nhất định.,,,,,,,
Có mẫu giày nào có nhiều màu sắc để chọn không?,,,,,,"Có, chúng tôi có nhiều mẫu giày với nhiều màu sắc đa dạng.",,,,,,,
Giày có thể mang khi lái xe không?,,,,,,Một số mẫu giày thể thao có đế mỏng và linh hoạt rất phù hợp cho việc lái xe.,,,,,,,
Tôi có thể đặt hàng cho bạn bè không?,,,,,,"Có, bạn có thể đặt hàng cho bạn bè và lựa chọn hình thức giao hàng phù hợp.",,,,,,,
Có cần làm quen với giày mới không?,,,,,,"Có, bạn nên cho đôi giày mới thời gian để ""break-in"" để cảm thấy thoải mái hơn.",,,,,,,
Giày có phù hợp với người cao tuổi không?,,,,,,"Nhiều mẫu giày được thiết kế riêng cho người cao tuổi, đảm bảo an toàn và thoải mái.",,,,,,,
Có thể mua giày vào dịp lễ hội không?,,,,,,"Có, chúng tôi có nhiều mẫu giày phù hợp cho các dịp lễ hội và sự kiện đặc biệt.",,,,,,,
Giày có thể mang khi đi bộ đường dài không?,,,,,,Nhiều mẫu giày thể thao và đi bộ được thiết kế chuyên dụng cho việc đi bộ đường dài.,,,,,,,
Có mẫu giày nào giảm đau cho chân không?,,,,,,Một số mẫu giày được thiết kế với công nghệ giảm sốc giúp giảm đau cho chân.,,,,,,,
Tôi có thể chọn kích thước giày cho trẻ em không?,,,,,,"Có, chúng tôi có đầy đủ kích thước giày cho trẻ em theo từng độ tuổi.",,,,,,,
Giày có bị nhăn khi mang lâu không?,,,,,,Một số chất liệu giày có thể bị nhăn nhẹ sau thời gian dài sử dụng.,,,,,,,
Có thể đổi trả giày đã sử dụng không?,,,,,,"Không, chúng tôi chỉ hỗ trợ đổi trả giày chưa sử dụng trong tình trạng nguyên vẹn.",,,,,,,
Tôi có thể yêu cầu giao hàng vào buổi tối không?,,,,,,"Có, tùy thuộc vào dịch vụ giao hàng, bạn có thể yêu cầu giao hàng vào buổi tối.",,,,,,,
Giày có thể dùng cho mùa đông không?,,,,,,Chúng tôi có nhiều mẫu giày giữ ấm và chống nước rất phù hợp cho mùa đông.,,,,,,,
Tôi có thể tìm hiểu về kích thước giày trên website không?,,,,,,"Có, trang web của chúng tôi có hướng dẫn chi tiết về kích thước giày.",,,,,,,
Có mẫu giày nào cho người chạy bộ không?,,,,,,"Có, chúng tôi có nhiều mẫu giày thể thao dành riêng cho người chạy bộ.",,,,,,,
Giày có chịu được nhiệt độ cao không?,,,,,,"Nhiều mẫu giày được thiết kế để chịu nhiệt độ cao, nhưng bạn nên tránh tiếp xúc lâu dài với nhiệt độ cực cao.",,,,,,,
Tôi có thể mua giày online và trả tiền khi nhận hàng không?,,,,,,"Có, bạn có thể chọn hình thức trả tiền khi nhận hàng khi đặt hàng online.",,,,,,,
Có mẫu giày nào chống nước không?,,,,,,"Có, chúng tôi có nhiều mẫu giày được thiết kế với chất liệu chống nước.",,,,,,,
Giày có bị hư hỏng khi để lâu không?,,,,,,"Nếu để lâu trong điều kiện không tốt, giày có thể bị hư hỏng, bạn nên bảo quản đúng cách.",,,,,,,
Tôi có thể thử nhiều size khác nhau không?,,,,,,"Có, bạn có thể thử nhiều size khác nhau tại cửa hàng trước khi mua.",,,,,,,
Có thể mua giày có kiểu dáng cổ điển không?,,,,,,"Có, chúng tôi có nhiều mẫu giày cổ điển và truyền thống rất được ưa chuộng.",,,,,,,
Tôi có thể yêu cầu đổi mẫu giày không?,,,,,,Bạn có thể yêu cầu đổi mẫu giày nếu sản phẩm chưa sử dụng và còn nguyên vẹn.,,,,,,,
Giày có bị giảm giá trong các dịp lễ hội không?,,,,,,"Có, chúng tôi thường có chương trình giảm giá vào các dịp lễ hội và sự kiện đặc biệt.",,,,,,,
Tôi có thể xem đánh giá của người dùng về giày không?,,,,,,"Có, trên website chúng tôi có phần đánh giá và nhận xét từ khách hàng về sản phẩm.",,,,,,,
Có mẫu giày nào hợp thời trang không?,,,,,,"Có, chúng tôi luôn cập nhật những mẫu giày mới và hợp thời trang theo xu hướng.",,,,,,,
Giày có dễ bị trơn trượt không?,,,,,,"Một số mẫu giày có đế chống trượt, nhưng bạn nên kiểm tra thông số kỹ thuật.",,,,,,,
Có thể mua giày tại các siêu thị không?,,,,,,"Có, một số siêu thị lớn có bán các mẫu giày của chúng tôi.",,,,,,,
Tôi có thể yêu cầu đổi trả nếu không hài lòng với màu sắc không?,,,,,,"Có, bạn có thể đổi trả nếu sản phẩm chưa sử dụng và còn nguyên vẹn.",,,,,,,
Tôi có thể yêu cầu kiểm tra giày trước khi nhận hàng không?,,,,,,"Có, bạn có thể yêu cầu kiểm tra hàng trước khi nhận nếu dịch vụ giao hàng hỗ trợ.",,,,,,,
Có giày nào có khả năng chống trơn trượt không?,,,,,,"Có, nhiều mẫu giày được thiết kế với đế chống trơn trượt rất an toàn.",,,,,,,
Tôi có thể đặt giày theo kích thước riêng không?,,,,,,"Có, một số mẫu giày có tùy chọn đặt hàng theo kích thước riêng.",,,,,,,
Giày có thể giúp hỗ trợ vòm chân không?,,,,,,Nhiều mẫu giày có thiết kế hỗ trợ vòm chân giúp giảm đau và khó chịu.,,,,,,,
Có mẫu giày nào phù hợp cho người đi bộ thường xuyên không?,,,,,,"Có, chúng tôi có nhiều mẫu giày đi bộ được thiết kế thoải mái cho việc đi bộ lâu.",,,,,,,
Giày có thể giặt bằng máy không?,,,,,,"Tốt nhất không nên giặt giày bằng máy, hãy vệ sinh bằng tay để bảo quản tốt hơn.",,,,,,,
Có giày nào cho người chơi bóng rổ không?,,,,,,"Có, chúng tôi cung cấp nhiều mẫu giày thể thao chuyên dụng cho bóng rổ.",,,,,,,
Tôi có thể đổi trả hàng trong bao lâu?,,,,,,Bạn có thể đổi trả hàng trong vòng 30 ngày kể từ ngày nhận hàng.,,,,,,,
Giày có dễ bị mài mòn không?,,,,,,"Chất liệu và kiểu dáng quyết định độ bền, nhưng một số mẫu giày có độ bền cao hơn.",,,,,,,
Có thể yêu cầu giao hàng trong ngày không?,,,,,,"Có, nếu bạn đặt hàng sớm và trong khu vực giao hàng, chúng tôi sẽ giao trong ngày.",,,,,,,
Tôi có thể mua giày làm quà không?,,,,,,"Có, nhiều mẫu giày rất thích hợp để làm quà tặng cho bạn bè và người thân.",,,,,,,
Giày có được bảo hành không?,,,,,,"Có, chúng tôi có chính sách bảo hành cho một số mẫu giày trong thời gian nhất định.",,,,,,,
Có mẫu giày nào không có mùi hôi không?,,,,,,"Có, nhiều mẫu giày có công nghệ khử mùi, giúp giảm tình trạng mùi hôi khó chịu.",,,,,,,
Tôi có thể đặt hàng cho tổ chức không?,,,,,,"Có, chúng tôi nhận đặt hàng cho tổ chức và có ưu đãi riêng.",,,,,,,
Giày có thể được làm theo yêu cầu không?,,,,,,"Có, một số mẫu giày có tùy chọn thiết kế theo yêu cầu của khách hàng.",,,,,,,
Có giày nào có tính năng thấm hút mồ hôi không?,,,,,,"Có, nhiều mẫu giày thể thao có khả năng thấm hút mồ hôi tốt.",,,,,,,
Tôi có thể lấy hóa đơn khi mua hàng không?,,,,,,"Có, bạn sẽ nhận được hóa đơn khi mua hàng tại cửa hàng hoặc trực tuyến.",,,,,,,
Giày có dễ bị phai màu không?,,,,,,Chất liệu giày và cách bảo quản sẽ ảnh hưởng đến tình trạng phai màu.,,,,,,,
thiết kế giày ?,,,,,,"Có, chúng tôi có nhiều mẫu giày thiết kế khác nhau. Bạn đang cần mãu giày như thế nào ? ",,,,,,,
Có mẫu giày nào thiết kế riêng cho trẻ em không?,,,,,,"Có, chúng tôi có nhiều mẫu giày thiết kế dành riêng cho trẻ em.",,,,,,,
Tôi có thể tìm giày phù hợp cho người cao không?,,,,,,"Có, chúng tôi có nhiều mẫu giày với kích thước và kiểu dáng dành cho người cao.",,,,,,,
Giày có thể làm bằng chất liệu gì?,,,,,,"Giày có thể được làm bằng da, vải, cao su, và nhiều chất liệu khác.",,,,,,,
Có giày nào thiết kế đặc biệt cho người tập gym không?,,,,,,"Có, chúng tôi có mẫu giày hỗ trợ tập gym với đế chắc chắn và thoáng khí.",,,,,,,
Tôi có thể đổi giày khi mua trực tuyến không?,,,,,,"Có, bạn có thể yêu cầu đổi giày nếu chưa sử dụng và còn nguyên vẹn.",,,,,,,
Có giày nào có đế mềm và thoải mái không?,,,,,,"Có, nhiều mẫu giày thể thao có đế mềm và thoải mái giúp dễ dàng di chuyển.",,,,,,,
Tôi có thể yêu cầu thiết kế logo lên giày không?,,,,,,"Có, một số mẫu giày cho phép tùy chỉnh thiết kế logo.",,,,,,,
Giày có thể được làm từ chất liệu thân thiện với môi trường không?,,,,,,"Có, chúng tôi cung cấp các mẫu giày làm từ chất liệu tái chế và thân thiện với môi trường.",,,,,,,
Tôi có thể tìm giày chạy bộ theo phong cách nào?,,,,,,"Có, chúng tôi có nhiều mẫu giày chạy bộ với phong cách thể thao hiện đại.",,,,,,,
Có giày nào phù hợp với thời tiết lạnh không?,,,,,,"Có, nhiều mẫu giày được thiết kế giữ ấm và chống nước cho mùa đông.",,,,,,,
Giày có cần phải bảo quản đặc biệt không?,,,,,,"Có, bạn nên bảo quản giày ở nơi khô ráo và sạch sẽ để giữ độ bền.",,,,,,,
Tôi có thể tham gia chương trình khách hàng thân thiết không?,,,,,,"Có, chúng tôi có chương trình ưu đãi cho khách hàng thường xuyên.",,,,,,,
Có mẫu giày nào có công nghệ chống sốc không?,,,,,,"Có, nhiều mẫu giày thể thao có công nghệ chống sốc giúp bảo vệ chân tốt hơn.",,,,,,,
Giày có được giảm giá khi mua số lượng lớn không?,,,,,,"Có, chúng tôi có chính sách giảm giá cho đơn hàng số lượng lớn.",,,,,,,
Tôi có thể tìm giày phù hợp cho công việc văn phòng không?,,,,,,"Có, chúng tôi có nhiều mẫu giày chuyên nghiệp và thanh lịch cho công sở.",,,,,,,
Giày có thể bị hư hỏng khi mang trong thời gian dài không?,,,,,,"Có, bạn nên thay giày định kỳ để đảm bảo sự thoải mái và an toàn cho đôi chân.",,,,,,,
Có giày nào có đế chống trượt tốt không?,,,,,,"Có, nhiều mẫu giày có thiết kế đế chống trượt giúp bảo vệ an toàn.",,,,,,,
Tôi có thể tìm giày theo độ tuổi không?,,,,,,"Có, chúng tôi có các mẫu giày phân loại theo độ tuổi, từ trẻ em đến người lớn.",,,,,,,
Có giày nào thích hợp cho người đi bộ lâu không?,,,,,,"Có, nhiều mẫu giày đi bộ có đệm êm ái và thoáng khí, phù hợp cho việc đi bộ lâu.",,,,,,,
Giày có dễ làm sạch không?,,,,,,"Nhiều mẫu giày có thể dễ dàng vệ sinh, nhưng bạn nên làm theo hướng dẫn.",,,,,,,
Tôi có thể yêu cầu tư vấn lựa chọn giày không?,,,,,,"Có, chúng tôi có đội ngũ tư vấn sẵn sàng giúp bạn lựa chọn mẫu giày phù hợp.",,,,,,,
Có giày nào được thiết kế cho người đi phượt không?,,,,,,"Có, chúng tôi có nhiều mẫu giày trekking và đi phượt rất bền và thoải mái.",,,,,,,
Tôi có thể mua giày trực tuyến và nhận hàng tại cửa hàng không?,,,,,,"Có, bạn có thể đặt hàng trực tuyến và chọn nhận tại cửa hàng gần nhất.",,,,,,,
Có mẫu giày nào dành riêng cho người chơi golf không?,,,,,,"Có, chúng tôi cung cấp các mẫu giày golf chuyên dụng giúp tăng cường hiệu suất.",,,,,,,
Tôi có thể tìm giày theo phong cách nào?,,,,,,"Có, chúng tôi có nhiều phong cách như thể thao, thời trang, công sở và dạo phố.",,,,,,,
Có giày nào có khả năng chống thấm nước không?,,,,,,"Có, nhiều mẫu giày có chất liệu chống thấm nước rất phù hợp cho thời tiết ẩm ướt.",,,,,,,
Tôi có thể đổi giày sau khi đã mang thử không?,,,,,,"Không, bạn không thể đổi giày đã mang thử, nhưng có thể đổi nếu còn mới.",,,,,,,
Có mẫu giày nào phù hợp cho người chạy marathon không?,,,,,,"Có, chúng tôi có nhiều mẫu giày chạy bền bỉ và nhẹ, lý tưởng cho marathon.",,,,,,,
Giày có được thiết kế đặc biệt cho người cao tuổi không?,,,,,,"Có, chúng tôi có những mẫu giày dễ đi và an toàn cho người cao tuổi.",,,,,,,
Có giày nào có đệm êm không?,,,,,,"Có, nhiều mẫu giày thể thao có đệm êm ái giúp giảm áp lực cho bàn chân.",,,,,,,
Tôi có thể nhận được hỗ trợ kỹ thuật khi chọn giày không?,,,,,,"Có, nhân viên của chúng tôi luôn sẵn sàng hỗ trợ bạn lựa chọn sản phẩm.",,,,,,,
Có giày nào có tính năng kháng khuẩn không?,,,,,,"Có, nhiều mẫu giày có tính năng kháng khuẩn, giúp giảm mùi và vi khuẩn.",,,,,,,
Tôi có thể mua giày cho cả gia đình không?,,,,,,"Có, chúng tôi có mẫu giày dành cho mọi lứa tuổi và giới tính.",,,,,,,
Giày có được làm từ chất liệu tái chế không?,,,,,,"Có, chúng tôi có các mẫu giày sử dụng chất liệu tái chế để bảo vệ môi trường.",,,,,,,
Tôi có thể mua giày với giá ưu đãi không?,,,,,,"Có, chúng tôi thường có chương trình giảm giá và khuyến mãi theo mùa.",,,,,,,
Có giày nào được thiết kế để đi trên bề mặt ẩm ướt không?,,,,,,"Có, nhiều mẫu giày có đế đặc biệt giúp tăng độ bám trên bề mặt ẩm ướt.",,,,,,,
Tôi có thể yêu cầu giao hàng hỏa tốc không?,,,,,,"Có, nếu bạn ở trong khu vực hỗ trợ, chúng tôi sẽ giao hàng hỏa tốc.",,,,,,,
Có mẫu giày nào giúp cải thiện dáng đi không?,,,,,,"Có, một số mẫu giày có thiết kế giúp cải thiện dáng đi và tư thế của bạn.",,,,,,,
Giày có được sản xuất tại Việt Nam không?,,,,,,"Có, chúng tôi có nhiều mẫu giày được sản xuất tại Việt Nam với chất lượng tốt.",,,,,,,
Tôi có thể tìm giày theo màu sắc không?,,,,,,"Có, chúng tôi cung cấp nhiều màu sắc khác nhau để bạn lựa chọn.",,,,,,,
Có giày nào có thiết kế cổ điển không?,,,,,,"Có, chúng tôi có nhiều mẫu giày cổ điển phù hợp với phong cách thời trang.",,,,,,,
Tôi có thể đặt hàng trước khi có hàng không?,,,,,,"Có, bạn có thể đặt hàng trước để nhận sản phẩm ngay khi có hàng.",,,,,,,
Có giày nào có tính năng thoáng khí không?,,,,,,"Có, nhiều mẫu giày có chất liệu thoáng khí giúp giữ cho chân luôn khô ráo.",,,,,,,
Tôi có thể yêu cầu giao hàng vào cuối tuần không?,,,,,,"Có, chúng tôi có dịch vụ giao hàng vào cuối tuần cho khách hàng.",,,,,,,
Có giày nào giúp giảm đau lưng không?,,,,,,"Có, một số mẫu giày có thiết kế hỗ trợ giúp giảm áp lực lên lưng.",,,,,,,
Tôi có thể trả hàng nếu không vừa không?,,,,,,"Có, bạn có thể trả hàng trong vòng 30 ngày nếu không vừa.",,,,,,,
Có mẫu giày nào được thiết kế cho đi bộ đường dài không?,,,,,,"Có, chúng tôi có nhiều mẫu giày dành riêng cho đi bộ đường dài.",,,,,,,
Giày có thể bị rách khi mang trong thời gian dài không?,,,,,,"Có, giày có thể bị rách nếu sử dụng không đúng cách, bạn nên kiểm tra thường xuyên.",,,,,,,
Có giày nào được làm từ chất liệu nhẹ không?,,,,,,"Có, nhiều mẫu giày được làm từ chất liệu nhẹ giúp di chuyển dễ dàng hơn.",,,,,,,
Tôi có thể tìm giày cho người có bàn chân rộng không?,,,,,,"Có, chúng tôi có mẫu giày thiết kế cho bàn chân rộng và thoải mái.",,,,,,,
Có giày nào phù hợp cho đi làm không?,,,,,,"Có, chúng tôi có nhiều mẫu giày thanh lịch và chuyên nghiệp cho môi trường công sở.",,,,,,,
Tôi có thể tìm giày cho mùa hè không?,,,,,,"Có, chúng tôi có nhiều mẫu giày nhẹ và thoáng khí, rất phù hợp cho mùa hè.",,,,,,,
Có giày nào có thiết kế trẻ trung không?,,,,,,"Có, nhiều mẫu giày có thiết kế trẻ trung, hiện đại rất thích hợp cho giới trẻ.",,,,,,,
Tôi có thể yêu cầu thay đổi kích thước giày không?,,,,,,"Có, bạn có thể yêu cầu thay đổi kích thước trong thời gian quy định.",,,,,,,
Có mẫu giày nào có tính năng điều chỉnh không?,,,,,,"Có, nhiều mẫu giày có tính năng điều chỉnh giúp phù hợp với bàn chân của bạn.",,,,,,,
Tôi có thể tìm giày cho sự kiện đặc biệt không?,,,,,,"Có, chúng tôi có nhiều mẫu giày phù hợp cho các sự kiện đặc biệt và tiệc tùng.",,,,,,,
Có giày nào giúp tăng chiều cao không?,,,,,,"Có, chúng tôi có các mẫu giày thiết kế đặc biệt giúp tăng chiều cao cho người dùng.",,,,,,,
Tôi có thể yêu cầu giày có kiểu dáng độc đáo không?,,,,,,"Có, chúng tôi có nhiều mẫu giày với thiết kế độc đáo và khác biệt.",,,,,,,
Có giày nào có thể mang trong thời tiết nắng nóng không?,,,,,,"Có, nhiều mẫu giày có chất liệu thoáng khí rất phù hợp cho thời tiết nắng nóng.",,,,,,,
Tôi có thể tìm giày có khả năng chống nước không?,,,,,,"Có, nhiều mẫu giày có khả năng chống nước tốt cho thời tiết mưa.",,,,,,,
Có mẫu giày nào có tính năng giữ nhiệt không?,,,,,,"Có, một số mẫu giày có tính năng giữ nhiệt rất tốt cho mùa đông lạnh.",,,,,,,
Tôi có thể yêu cầu giày có độ bền cao không?,,,,,,"Có, chúng tôi có nhiều mẫu giày được thiết kế để bền bỉ theo thời gian.",,,,,,,
Có giày nào thích hợp cho du lịch không?,,,,,,"Có, chúng tôi có nhiều mẫu giày du lịch nhẹ, thoải mái và dễ dàng mang theo.",,,,,,,
Tôi có thể tìm giày thể thao theo thương hiệu không?,,,,,,"Có, chúng tôi cung cấp nhiều thương hiệu giày thể thao nổi tiếng.",,,,,,,
Có giày nào có tính năng tự động điều chỉnh không?,,,,,,"Có, một số mẫu giày có tính năng tự động điều chỉnh giúp vừa vặn hơn.",,,,,,,
Tôi có thể mua giày trong dịp lễ hội không?,,,,,,"Có, chúng tôi có nhiều mẫu giày phù hợp cho dịp lễ hội và tiệc tùng.",,,,,,,
Có giày nào có tính năng kháng mùi không?,,,,,,"Có, nhiều mẫu giày có tính năng kháng mùi, giúp chân luôn thơm tho.",,,,,,,
Tôi có thể chọn giày theo kích cỡ Âu không?,,,,,,"Có, chúng tôi cung cấp bảng kích cỡ Âu để bạn dễ dàng chọn lựa.",,,,,,,
Có mẫu giày nào được thiết kế đặc biệt cho trẻ em không?,,,,,,"Có, chúng tôi có nhiều mẫu giày dành riêng cho trẻ em với thiết kế vui nhộn.",,,,,,,
Có giày nào có đế cao không?,,,,,,"Có, chúng tôi có nhiều mẫu giày có đế cao giúp bạn tăng chiều cao một cách thoải mái.",,,,,,,
Tôi có thể nhận được thông tin về bảo hành không?,,,,,,"Có, tất cả sản phẩm đều có chính sách bảo hành rõ ràng, bạn có thể xem chi tiết.",,,,,,,
Có giày nào phù hợp cho người bị tiểu đường không?,,,,,,"Có, chúng tôi có mẫu giày thiết kế cho người bị tiểu đường, chú trọng vào sự thoải mái.",,,,,,,
Tôi có thể tìm giày có khả năng thoát hơi ẩm không?,,,,,,"Có, nhiều mẫu giày có tính năng thoát hơi ẩm rất tốt.",,,,,,,
Có giày nào có khả năng chống trượt không?,,,,,,"Có, nhiều mẫu giày có đế chống trượt giúp bạn an toàn hơn khi di chuyển.",,,,,,,
Tôi có thể chọn giày theo độ tuổi không?,,,,,,"Có, chúng tôi có giày cho nhiều độ tuổi khác nhau, từ trẻ em đến người lớn.",,,,,,,
Có mẫu giày nào có tính năng chống sốc không?,,,,,,"Có, nhiều mẫu giày có thiết kế chống sốc giúp bảo vệ bàn chân tốt hơn.",,,,,,,
Tôi có thể tìm giày cho người chạy bộ không?,,,,,,"Có, chúng tôi có nhiều mẫu giày chạy bộ với thiết kế chuyên dụng.",,,,,,,
Có giày nào phù hợp cho đi làm văn phòng không?,,,,,,"Có, chúng tôi có nhiều mẫu giày thanh lịch cho môi trường văn phòng.",,,,,,,
Tôi có thể mua giày với màu sắc tùy chỉnh không?,,,,,,"Có, chúng tôi cung cấp dịch vụ tùy chỉnh màu sắc cho một số mẫu giày.",,,,,,,
Có giày nào có tính năng tự làm sạch không?,,,,,,"Có, một số mẫu giày được thiết kế với tính năng tự làm sạch giúp bảo quản dễ dàng.",,,,,,,
Tôi có thể nhận được hỗ trợ về cách bảo quản giày không?,,,,,,"Có, chúng tôi có hướng dẫn bảo quản giày chi tiết cho khách hàng.",,,,,,,
Có mẫu giày nào có khả năng chống bụi không?,,,,,,"Có, nhiều mẫu giày có thiết kế chống bụi, giúp giữ gìn độ mới lâu hơn.",,,,,,,
Tôi có thể tìm giày theo thương hiệu yêu thích không?,,,,,,"Có, chúng tôi có nhiều thương hiệu nổi tiếng để bạn lựa chọn.",,,,,,,
Có giày nào có thiết kế thời trang không?,,,,,,"Có, chúng tôi cung cấp nhiều mẫu giày thời trang theo xu hướng hiện đại.",,,,,,,
Tôi có thể yêu cầu giao hàng quốc tế không?,,,,,,"Có, chúng tôi cung cấp dịch vụ giao hàng quốc tế cho khách hàng.",,,,,,,
Có mẫu giày nào có đế mềm không?,,,,,,"Có, nhiều mẫu giày có đế mềm, giúp bạn di chuyển thoải mái hơn.",,,,,,,
Tôi có thể tìm giày theo phong cách retro không?,,,,,,"Có, chúng tôi có nhiều mẫu giày theo phong cách retro rất đẹp mắt.",,,,,,,
Có giày nào phù hợp cho hoạt động ngoài trời không?,,,,,,"Có, chúng tôi có nhiều mẫu giày ngoài trời bền bỉ và chắc chắn.",,,,,,,
Tôi có thể yêu cầu đổi màu giày sau khi mua không?,,,,,,"Không, chúng tôi không hỗ trợ đổi màu giày sau khi mua.",,,,,,,
Có giày nào có thiết kế không dây không?,,,,,,"Có, nhiều mẫu giày có thiết kế không dây tiện lợi và hiện đại.",,,,,,,
Tôi có thể tìm giày có tính năng hỗ trợ bàn chân không?,,,,,,"Có, nhiều mẫu giày có tính năng hỗ trợ giúp giảm áp lực lên bàn chân.",,,,,,,
Có mẫu giày nào có thiết kế cho nam và nữ không?,,,,,,"Có, chúng tôi có nhiều mẫu giày unisex phù hợp cho cả nam và nữ.",,,,,,,
Tôi có thể yêu cầu mẫu giày theo size riêng không?,,,,,,"Có, bạn có thể yêu cầu giày theo kích thước riêng trong một số trường hợp.",,,,,,,
Có giày nào được thiết kế cho người chạy marathon không?,,,,,,"Có, chúng tôi có nhiều mẫu giày marathon chuyên dụng giúp bạn chạy tốt hơn.",,,,,,,
Tôi có thể tìm giày cho mùa đông không?,,,,,,"Có, chúng tôi có nhiều mẫu giày ấm áp và giữ nhiệt tốt cho mùa đông.",,,,,,,
Có mẫu giày nào có đế chống thấm nước không?,,,,,,"Có, nhiều mẫu giày có đế chống thấm nước rất phù hợp cho thời tiết ẩm ướt.",,,,,,,
Tôi có thể yêu cầu đổi giày nếu không thích không?,,,,,,"Có, bạn có thể đổi giày trong vòng 30 ngày nếu không hài lòng.",,,,,,,
Có giày nào có thể giặt bằng máy không?,,,,,,"Có, một số mẫu giày có thể giặt bằng máy, nhưng bạn nên tham khảo hướng dẫn.",,,,,,,
Tôi có thể tìm giày thể thao theo tính năng không?,,,,,,"Có, chúng tôi có thể tìm giày thể thao theo nhiều tính năng khác nhau.",,,,,,,
Có giày nào có thiết kế chống nước không?,,,,,,"Có, chúng tôi có nhiều mẫu giày chống nước tốt cho thời tiết xấu.",,,,,,,
Tôi có thể yêu cầu giày có độ co giãn không?,,,,,,"Có, nhiều mẫu giày có chất liệu co giãn giúp bạn di chuyển dễ dàng hơn.",,,,,,,
Có giày nào phù hợp cho đi dạo không?,,,,,,"Có, chúng tôi có nhiều mẫu giày thích hợp cho việc đi dạo thoải mái.",,,,,,,
Tôi có thể tìm giày theo mức giá không?,,,,,,"Có, chúng tôi có nhiều mẫu giày với mức giá khác nhau để bạn lựa chọn.",,,,,,,
Có mẫu giày nào có thiết kế thể thao không?,,,,,,"Có, chúng tôi có nhiều mẫu giày thể thao với kiểu dáng hiện đại và năng động.",,,,,,,
Tôi có thể yêu cầu giày có họa tiết đặc biệt không?,,,,,,"Có, chúng tôi có nhiều mẫu giày với họa tiết độc đáo để bạn lựa chọn.",,,,,,,
Có giày nào có tính năng cách nhiệt không?,,,,,,"Có, một số mẫu giày có tính năng cách nhiệt giúp bảo vệ chân trong thời tiết lạnh.",,,,,,,
Tôi có thể tìm giày có chất liệu da không?,,,,,,"Có, chúng tôi có nhiều mẫu giày được làm từ chất liệu da cao cấp.",,,,,,,
Có mẫu giày nào được thiết kế cho chạy đường dài không?,,,,,,"Có, chúng tôi có nhiều mẫu giày chạy đường dài rất thoải mái và bền bỉ.",,,,,,,
Tôi có thể yêu cầu giày có kích cỡ lớn không?,,,,,,"Có, chúng tôi có các mẫu giày với kích cỡ lớn cho những người cần.",,,,,,,
Có giày nào có tính năng đàn hồi không?,,,,,,"Có, nhiều mẫu giày có tính năng đàn hồi giúp bạn di chuyển linh hoạt hơn.",,,,,,,
Tôi có thể tìm giày theo mùa không?,,,,,,"Có, chúng tôi có nhiều mẫu giày theo mùa, từ mùa hè đến mùa đông.",,,,,,,
Có giày nào có khả năng chống mài mòn không?,,,,,,"Có, nhiều mẫu giày có chất liệu chống mài mòn rất bền bỉ.",,,,,,,
Tôi có thể yêu cầu giày có kiểu dáng đơn giản không?,,,,,,"Có, chúng tôi có nhiều mẫu giày với thiết kế đơn giản và thanh lịch.",,,,,,,
Có mẫu giày nào có thiết kế màu sắc tươi sáng không?,,,,,,"Có, chúng tôi có nhiều mẫu giày với màu sắc tươi sáng rất bắt mắt.",,,,,,,
Tôi có thể tìm giày theo địa điểm mua không?,,,,,,"Có, bạn có thể tìm giày theo các cửa hàng gần bạn.",,,,,,,
Có giày nào có thiết kế chống lóa không?,,,,,,"Có, một số mẫu giày có thiết kế giúp giảm thiểu ánh sáng chói.",,,,,,,
Tôi có thể yêu cầu giày theo phong cách riêng không?,,,,,,"Có, chúng tôi cung cấp dịch vụ thiết kế giày theo phong cách cá nhân.",,,,,,,
Có giày nào có tính năng giảm sốc không?,,,,,,"Có, nhiều mẫu giày có tính năng giảm sốc giúp bảo vệ chân tốt hơn.",,,,,,,
Tôi có thể mua giày cho người già không?,,,,,,"Có, chúng tôi có nhiều mẫu giày thiết kế đặc biệt cho người già.",,,,,,,
Có giày nào có tính năng hỗ trợ khớp không?,,,,,,"Có, nhiều mẫu giày có tính năng hỗ trợ khớp giúp giảm áp lực khi di chuyển.",,,,,,,
Tôi có thể tìm giày cho công việc ngoài trời không?,,,,,,"Có, chúng tôi có nhiều mẫu giày bền bỉ và chắc chắn cho công việc ngoài trời.",,,,,,,
Có mẫu giày nào có đế vững chắc không?,,,,,,"Có, nhiều mẫu giày có đế vững chắc giúp bảo vệ chân tốt hơn.",,,,,,,
Tôi có thể yêu cầu giày có thiết kế cá tính không?,,,,,,"Có, chúng tôi cung cấp nhiều mẫu giày với thiết kế cá tính và độc đáo.",,,,,,,
Có giày nào có khả năng thoáng khí không?,,,,,,"Có, nhiều mẫu giày được thiết kế với tính năng thoáng khí giúp chân không bị bí.",,,,,,,
Tôi có thể tìm giày cho các hoạt động thể thao không?,,,,,,"Có, chúng tôi có nhiều mẫu giày cho các hoạt động thể thao khác nhau.",,,,,,,
Có mẫu giày nào có đế linh hoạt không?,,,,,,"Có, nhiều mẫu giày có đế linh hoạt giúp bạn di chuyển dễ dàng hơn.",,,,,,,
Tôi có thể yêu cầu giày có thiết kế theo mùa không?,,,,,,"Có, chúng tôi cung cấp nhiều mẫu giày phù hợp cho từng mùa trong năm.",,,,,,,
Có giày nào có khả năng chống cháy không?,,,,,,"Có, một số mẫu giày được thiết kế với tính năng chống cháy.",,,,,,,
Tôi có thể tìm giày cho đi bộ đường dài không?,,,,,,"Có, chúng tôi có nhiều mẫu giày thích hợp cho việc đi bộ đường dài.",,,,,,,
Có mẫu giày nào có thiết kế dễ đi không?,,,,,,"Có, chúng tôi có nhiều mẫu giày với thiết kế dễ đi và thoải mái.",,,,,,,
Tôi có thể yêu cầu giày có đế chống trượt không?,,,,,,"Có, nhiều mẫu giày có đế chống trượt giúp bạn an toàn hơn.",,,,,,,
Có giày nào có tính năng làm ấm chân không?,,,,,,"Có, nhiều mẫu giày được thiết kế với tính năng giữ ấm cho chân trong thời tiết lạnh.",,,,,,,
Tôi có thể tìm giày có màu sắc trung tính không?,,,,,,"Có, chúng tôi có nhiều mẫu giày với màu sắc trung tính, dễ phối đồ.",,,,,,,
Có mẫu giày nào có thiết kế thời trang cho nam không?,,,,,,"Có, chúng tôi cung cấp nhiều mẫu giày thời trang cho nam.",,,,,,,
Tôi có thể yêu cầu giày có chất liệu thân thiện với môi trường không?,,,,,,"Có, chúng tôi có nhiều mẫu giày được làm từ chất liệu thân thiện với môi trường.",,,,,,,
Có giày nào có khả năng tự làm mát không?,,,,,,"Có, một số mẫu giày có tính năng tự làm mát giúp chân luôn thoải mái.",,,,,,,
Tôi có thể tìm giày cho các sự kiện thể thao không?,,,,,,"Có, chúng tôi có nhiều mẫu giày thích hợp cho các sự kiện thể thao.",,,,,,,
Có mẫu giày nào có thiết kế cho những người đi bộ nhiều không?,,,,,,"Có, chúng tôi có nhiều mẫu giày hỗ trợ tốt cho những người đi bộ nhiều.",,,,,,,
Tôi có thể yêu cầu giày có đế cao su không?,,,,,,"Có, nhiều mẫu giày có đế cao su giúp tăng độ bám cho bạn.",,,,,,,
Có giày nào có tính năng chống gỉ sét không?,,,,,,"Có, nhiều mẫu giày được thiết kế với tính năng chống gỉ sét.",,,,,,,
Tôi có thể tìm giày theo xu hướng mới không?,,,,,,"Có, chúng tôi cập nhật thường xuyên các mẫu giày theo xu hướng mới nhất.",,,,,,,
Có mẫu giày nào có thiết kế cho các hoạt động mạo hiểm không?,,,,,,"Có, chúng tôi có nhiều mẫu giày thiết kế cho các hoạt động mạo hiểm.",,,,,,,
Tôi có thể yêu cầu giày có trọng lượng nhẹ không?,,,,,,"Có, nhiều mẫu giày được thiết kế nhẹ giúp bạn di chuyển dễ dàng hơn.",,,,,,,
Có giày nào có khả năng bảo vệ chân khi lái xe không?,,,,,,"Có, một số mẫu giày được thiết kế để bảo vệ chân khi lái xe.",,,,,,,
Tôi có thể tìm giày có thiết kế thể thao cho nữ không?,,,,,,"Có, chúng tôi có nhiều mẫu giày thể thao dành riêng cho nữ.",,,,,,,
Có mẫu giày nào có đế bảo vệ không?,,,,,,"Có, nhiều mẫu giày có đế bảo vệ giúp bảo vệ chân khỏi va chạm.",,,,,,,
Tôi có thể yêu cầu giày theo mẫu thiết kế riêng không?,,,,,,"Có, chúng tôi cung cấp dịch vụ thiết kế giày theo yêu cầu cá nhân.",,,,,,,
Có giày nào có khả năng chống sốc khi chạy không?,,,,,,"Có, nhiều mẫu giày chạy được thiết kế để giảm sốc và bảo vệ chân tốt hơn.",,,,,,,
Tôi có thể tìm giày cho những chuyến dã ngoại không?,,,,,,"Có, chúng tôi có nhiều mẫu giày phù hợp cho các chuyến dã ngoại.",,,,,,,
Có mẫu giày nào có thiết kế cho những người yêu thích phượt không?,,,,,,"Có, chúng tôi có nhiều mẫu giày thiết kế cho những người yêu thích phượt.",,,,,,,
Tôi có thể yêu cầu giày có lớp lót êm không?,,,,,,"Có, nhiều mẫu giày được thiết kế với lớp lót êm ái cho cảm giác thoải mái.",,,,,,,
Có giày nào có khả năng làm giảm áp lực cho bàn chân không?,,,,,,"Có, nhiều mẫu giày có thiết kế giúp giảm áp lực cho bàn chân.",,,,,,,
Tôi có thể tìm giày có tính năng chống mùi không?,,,,,,"Có, nhiều mẫu giày được thiết kế với tính năng chống mùi hiệu quả.",,,,,,,
Có mẫu giày nào có thiết kế cho trẻ em không?,,,,,,"Có, chúng tôi có nhiều mẫu giày dành riêng cho trẻ em với thiết kế vui tươi.",,,,,,,
Tôi có thể yêu cầu giày có chất liệu chống thấm nước không?,,,,,,"Có, nhiều mẫu giày được thiết kế với chất liệu chống thấm nước rất tốt.",,,,,,,
Có giày nào có thiết kế cổ thấp không?,,,,,,"Có, chúng tôi có nhiều mẫu giày cổ thấp rất phong cách và thời trang.",,,,,,,
Tôi có thể tìm giày có thiết kế bền bỉ không?,,,,,,"Có, tất cả các mẫu giày của chúng tôi đều được làm từ chất liệu bền bỉ.",,,,,,,
Có mẫu giày nào có thiết kế dành riêng cho nữ không?,,,,,,"Có, chúng tôi cung cấp nhiều mẫu giày đẹp mắt dành riêng cho nữ.",,,,,,,
Tôi có thể yêu cầu giày có màu sắc tối không?,,,,,,"Có, chúng tôi có nhiều mẫu giày với màu sắc tối rất dễ phối đồ.",,,,,,,
Có giày nào có khả năng làm mát khi thời tiết nóng không?,,,,,,"Có, một số mẫu giày được thiết kế với tính năng làm mát cho chân.",,,,,,,
Tôi có thể tìm giày có tính năng hỗ trợ bàn chân không?,,,,,,"Có, nhiều mẫu giày có tính năng hỗ trợ bàn chân rất tốt.",,,,,,,
Có mẫu giày nào có thiết kế chống lão hóa không?,,,,,,"Có, một số mẫu giày được thiết kế đặc biệt để chống lão hóa.",,,,,,,
Tôi có thể yêu cầu giày có phong cách hiện đại không?,,,,,,"Có, chúng tôi có nhiều mẫu giày theo phong cách hiện đại và thời trang.",,,,,,,
Có giày nào có khả năng bảo vệ khi đi mưa không?,,,,,,"Có, nhiều mẫu giày được thiết kế để bảo vệ chân khi đi mưa.",,,,,,,
Tôi có thể tìm giày cho việc tập gym không?,,,,,,"Có, chúng tôi có nhiều mẫu giày thích hợp cho việc tập gym.",,,,,,,
Có mẫu giày nào có thiết kế cho người đi xe đạp không?,,,,,,"Có, chúng tôi có nhiều mẫu giày phù hợp cho việc đi xe đạp.",,,,,,,
Tôi có thể yêu cầu giày có lớp đệm không?,,,,,,"Có, nhiều mẫu giày có lớp đệm giúp tăng cường sự thoải mái.",,,,,,,
Có giày nào có tính năng chống tĩnh điện không?,,,,,,"Có, một số mẫu giày được thiết kế để chống tĩnh điện, rất an toàn.",,,,,,,
Tôi có thể tìm giày cho mùa hè không?,,,,,,"Có, chúng tôi có nhiều mẫu giày thoáng khí và nhẹ cho mùa hè.",,,,,,,
Có mẫu giày nào có thiết kế cho những người thích du lịch không?,,,,,,"Có, chúng tôi có nhiều mẫu giày dành riêng cho người thích du lịch.",,,,,,,
Tôi có thể yêu cầu giày có màu sắc nổi bật không?,,,,,,"Có, chúng tôi có nhiều mẫu giày với màu sắc nổi bật và bắt mắt.",,,,,,,
Có giày nào có tính năng chống lạnh không?,,,,,,"Có, nhiều mẫu giày được thiết kế để chống lạnh, giữ ấm cho chân.",,,,,,,
Tôi có thể tìm giày cho việc đi làm không?,,,,,,"Có, chúng tôi có nhiều mẫu giày phù hợp cho việc đi làm hàng ngày.",,,,,,,
Có mẫu giày nào có thiết kế cho các hoạt động thể thao dưới nước không?,,,,,,"Có, chúng tôi có nhiều mẫu giày thiết kế cho các hoạt động thể thao dưới nước.",,,,,,,
Tôi có thể yêu cầu giày có đế dày không?,,,,,,"Có, nhiều mẫu giày có đế dày giúp tăng chiều cao và thêm phong cách.",,,,,,,
Có giày nào có khả năng chống mài mòn không?,,,,,,"Có, nhiều mẫu giày được thiết kế với khả năng chống mài mòn rất tốt.",,,,,,,
Tôi có thể tìm giày có màu sắc pastel không?,,,,,,"Có, chúng tôi có nhiều mẫu giày với màu sắc pastel rất nhẹ nhàng và dễ thương.",,,,,,,
Có mẫu giày nào có thiết kế cho mùa đông không?,,,,,,"Có, chúng tôi có nhiều mẫu giày ấm áp và chống lạnh cho mùa đông.",,,,,,,
Tôi có thể yêu cầu giày có thiết kế dành riêng cho nam không?,,,,,,"Có, chúng tôi cung cấp nhiều mẫu giày đẹp mắt dành riêng cho nam.",,,,,,,
Có giày nào có tính năng chống va đập không?,,,,,,"Có, nhiều mẫu giày được thiết kế với tính năng chống va đập.",,,,,,,
Tôi có thể tìm giày cho việc tập yoga không?,,,,,,"Có, chúng tôi có nhiều mẫu giày thích hợp cho việc tập yoga.",,,,,,,
Có mẫu giày nào có thiết kế cho việc đi bộ đường dài không?,,,,,,"Có, chúng tôi có nhiều mẫu giày dành riêng cho việc đi bộ đường dài.",,,,,,,
Tôi có thể yêu cầu giày có lớp bảo vệ ngón chân không?,,,,,,"Có, nhiều mẫu giày có lớp bảo vệ ngón chân để bảo vệ tốt hơn.",,,,,,,
Có giày nào có khả năng giữ ấm cho chân không?,,,,,,"Có, nhiều mẫu giày được thiết kế để giữ ấm cho chân trong mùa đông.",,,,,,,
Tôi có thể tìm giày có đế mềm không?,,,,,,"Có, nhiều mẫu giày có đế mềm giúp tăng cường sự thoải mái khi di chuyển.",,,,,,,
Có mẫu giày nào có thiết kế cho những người thích đi bộ không?,,,,,,"Có, chúng tôi có nhiều mẫu giày thiết kế cho những người thích đi bộ.",,,,,,,
Tôi có thể yêu cầu giày có chất liệu chống thấm nước không?,,,,,,"Có, nhiều mẫu giày được làm từ chất liệu chống thấm nước rất tốt.",,,,,,,
Có giày nào có thiết kế cho những người có bàn chân to không?,,,,,,"Có, chúng tôi cung cấp nhiều mẫu giày phù hợp cho những người có bàn chân to.",,,,,,,
Tôi có thể tìm giày có tính năng tự làm sạch không?,,,,,,"Có, một số mẫu giày được thiết kế với tính năng tự làm sạch.",,,,,,,
Có mẫu giày nào có khả năng hỗ trợ khi chạy bộ không?,,,,,,"Có, nhiều mẫu giày chạy được thiết kế để hỗ trợ tốt khi chạy bộ.",,,,,,,
Tôi có thể yêu cầu giày có kiểu dáng cổ điển không?,,,,,,"Có, chúng tôi có nhiều mẫu giày có kiểu dáng cổ điển rất sang trọng.",,,,,,,
Có giày nào có thiết kế dành riêng cho bóng đá không?,,,,,,"Có, chúng tôi có nhiều mẫu giày thiết kế dành riêng cho bóng đá.",,,,,,,
Tôi có thể tìm giày có chất liệu da không?,,,,,,"Có, chúng tôi có nhiều mẫu giày được làm từ chất liệu da cao cấp.",,,,,,,
Có mẫu giày nào có thiết kế cho trẻ em không?,,,,,,"Có, chúng tôi có nhiều mẫu giày thiết kế cho trẻ em với màu sắc tươi sáng.",,,,,,,
Tôi có thể yêu cầu giày có đế tăng chiều cao không?,,,,,,"Có, nhiều mẫu giày có đế tăng chiều cao rất phong cách.",,,,,,,
Có giày nào có khả năng chống trượt không?,,,,,,"Có, nhiều mẫu giày được thiết kế với tính năng chống trượt.",,,,,,,
Tôi có thể tìm giày cho những người làm trong ngành xây dựng không?,,,,,,"Có, chúng tôi có nhiều mẫu giày thiết kế dành riêng cho ngành xây dựng.",,,,,,,
Có mẫu giày nào có thiết kế cho các môn thể thao trong nhà không?,,,,,,"Có, chúng tôi có nhiều mẫu giày thích hợp cho các môn thể thao trong nhà.",,,,,,,
Tôi có thể yêu cầu giày có tính năng thoáng khí không?,,,,,,"Có, nhiều mẫu giày được thiết kế với tính năng thoáng khí giúp chân thoải mái hơn.",,,,,,,
Có giày nào có khả năng giảm stress không?,,,,,,"Có, nhiều mẫu giày được thiết kế với công nghệ giúp giảm stress cho bàn chân.",,,,,,,
Tôi có thể tìm giày cho người yêu thích leo núi không?,,,,,,"Có, chúng tôi có nhiều mẫu giày thiết kế cho việc leo núi an toàn và thoải mái.",,,,,,,
Có mẫu giày nào có thiết kế cho những người có đôi chân nhạy cảm không?,,,,,,"Có, chúng tôi cung cấp nhiều mẫu giày với thiết kế dành riêng cho những người có chân nhạy cảm.",,,,,,,
Tôi có thể yêu cầu giày có kiểu dáng hiện đại không?,,,,,,"Có, chúng tôi có nhiều mẫu giày với kiểu dáng hiện đại và thời thượng.",,,,,,,
Có giày nào có tính năng chống nước không?,,,,,,"Có, nhiều mẫu giày được thiết kế với tính năng chống nước hiệu quả.",,,,,,,
Tôi có thể tìm giày cho những người thích chạy bộ không?,,,,,,"Có, chúng tôi có nhiều mẫu giày chuyên dụng cho việc chạy bộ.",,,,,,,
Có mẫu giày nào có thiết kế cho những người thích bơi không?,,,,,,"Có, chúng tôi có nhiều mẫu giày thiết kế dành riêng cho việc bơi lội.",,,,,,,
Tôi có thể yêu cầu giày có chất liệu bền bỉ không?,,,,,,"Có, tất cả các mẫu giày của chúng tôi đều được làm từ chất liệu bền bỉ.",,,,,,,
Có giày nào có khả năng tự điều chỉnh không?,,,,,,"Có, một số mẫu giày được thiết kế với tính năng tự điều chỉnh phù hợp với chân.",,,,,,,
Tôi có thể tìm giày có thiết kế cho việc chạy marathon không?,,,,,,"Có, chúng tôi có nhiều mẫu giày chuyên dụng cho việc chạy marathon.",,,,,,,
Có mẫu giày nào có thiết kế cho các hoạt động thể thao mạo hiểm không?,,,,,,"Có, chúng tôi có nhiều mẫu giày thiết kế cho các hoạt động thể thao mạo hiểm.",,,,,,,
Tôi có thể yêu cầu giày có lớp lót dày không?,,,,,,"Có, nhiều mẫu giày có lớp lót dày giúp tăng cường sự thoải mái.",,,,,,,
Có giày nào có khả năng thoát ẩm không?,,,,,,"Có, nhiều mẫu giày được thiết kế để thoát ẩm hiệu quả, giữ cho chân luôn khô ráo.",,,,,,,
Tôi có thể tìm giày cho người có bàn chân nhỏ không?,,,,,,"Có, chúng tôi có nhiều mẫu giày phù hợp cho những người có bàn chân nhỏ.",,,,,,,
Có mẫu giày nào có thiết kế cho những người yêu thích bơi không?,,,,,,"Có, chúng tôi có nhiều mẫu giày dành riêng cho những người yêu thích bơi.",,,,,,,
Tôi có thể yêu cầu giày có kiểu dáng trẻ trung không?,,,,,,"Có, chúng tôi có nhiều mẫu giày với kiểu dáng trẻ trung và năng động.",,,,,,,
Có giày nào có tính năng chống mồ hôi không?,,,,,,"Có, nhiều mẫu giày được thiết kế với tính năng chống mồ hôi, giúp chân luôn khô ráo.",,,,,,,
Tôi có thể tìm giày cho người làm việc văn phòng không?,,,,,,"Có, chúng tôi có nhiều mẫu giày thời trang và thoải mái cho người làm việc văn phòng.",,,,,,,
Có mẫu giày nào có thiết kế cho các môn thể thao đồng đội không?,,,,,,"Có, chúng tôi có nhiều mẫu giày thiết kế cho các môn thể thao đồng đội.",,,,,,,
Tôi có thể yêu cầu giày có chất liệu dễ bảo quản không?,,,,,,"Có, nhiều mẫu giày được làm từ chất liệu dễ bảo quản và sạch sẽ.",,,,,,,
Có giày nào có khả năng làm giảm đau cho chân không?,,,,,,"Có, nhiều mẫu giày được thiết kế đặc biệt để giảm đau cho chân.",,,,,,,
Tôi có thể tìm giày có thiết kế dành riêng cho nam không?,,,,,,"Có, chúng tôi cung cấp nhiều mẫu giày dành riêng cho nam giới.",,,,,,,
Có mẫu giày nào có thiết kế cho người có bàn chân bẹt không?,,,,,,"Có, chúng tôi có nhiều mẫu giày thiết kế cho người có bàn chân bẹt.",,,,,,,
Tôi có thể yêu cầu giày có lớp lót thoáng khí không?,,,,,,"Có, nhiều mẫu giày có lớp lót thoáng khí giúp tăng cường sự thoải mái.",,,,,,,
Có giày nào có khả năng chống lạnh không?,,,,,,"Có, nhiều mẫu giày được thiết kế để giữ ấm cho chân trong thời tiết lạnh.",,,,,,,
Tôi có thể tìm giày cho những người yêu thích thể thao không?,,,,,,"Có, chúng tôi có nhiều mẫu giày thể thao rất đa dạng.",,,,,,,
Có mẫu giày nào có thiết kế cho những người yêu thích đi bộ không?,,,,,,"Có, chúng tôi có nhiều mẫu giày thiết kế dành riêng cho những người thích đi bộ.",,,,,,,
Tôi có thể yêu cầu giày có đế nhẹ không?,,,,,,"Có, nhiều mẫu giày có đế nhẹ giúp tăng cường sự thoải mái khi di chuyển.",,,,,,,
Có giày nào có khả năng chống mài mòn không?,,,,,,"Có, nhiều mẫu giày được thiết kế với khả năng chống mài mòn rất tốt.",,,,,,,
Tôi có thể tìm giày có chất liệu chống nước không?,,,,,,"Có, nhiều mẫu giày được làm từ chất liệu chống nước rất tốt.",,,,,,,
Có mẫu giày nào có thiết kế cho việc tập gym không?,,,,,,"Có, chúng tôi có nhiều mẫu giày thiết kế cho việc tập gym.",,,,,,,
Tôi có thể yêu cầu giày có kiểu dáng cổ điển không?,,,,,,"Có, chúng tôi có nhiều mẫu giày có kiểu dáng cổ điển rất sang trọng.",,,,,,,
Có giày nào có tính năng thoáng khí không?,,,,,,"Có, nhiều mẫu giày được thiết kế với tính năng thoáng khí giúp chân thoải mái hơn.",,,,,,,
Tôi có thể tìm giày cho việc đi bộ hàng ngày không?,,,,,,"Có, chúng tôi có nhiều mẫu giày rất phù hợp cho việc đi bộ hàng ngày.",,,,,,,
Có mẫu giày nào có thiết kế cho người lớn tuổi không?,,,,,,"Có, chúng tôi có nhiều mẫu giày thiết kế dành riêng cho người lớn tuổi, an toàn và thoải mái.",,,,,,,
Tôi có thể yêu cầu giày có đế dày không?,,,,,,"Có, nhiều mẫu giày có đế dày giúp tăng chiều cao và thêm phong cách.",,,,,,,
Có giày nào có khả năng giữ ấm cho chân không?,,,,,,"Có, nhiều mẫu giày được thiết kế để giữ ấm cho chân trong mùa đông.",,,,,,,
Tôi có thể tìm giày có thiết kế cho các hoạt động ngoài trời không?,,,,,,"Có, chúng tôi có nhiều mẫu giày thiết kế cho các hoạt động ngoài trời.",,,,,,,
Có mẫu giày nào có thiết kế cho người có chân to không?,,,,,,"Có, chúng tôi cung cấp nhiều mẫu giày phù hợp cho người có chân to.",,,,,,,
Tôi có thể yêu cầu giày có chất liệu mềm không?,,,,,,"Có, nhiều mẫu giày được làm từ chất liệu mềm giúp tăng cường sự thoải mái.",,,,,,,
Có giày nào có tính năng giảm sốc không?,,,,,,"Có, nhiều mẫu giày được thiết kế với tính năng giảm sốc khi di chuyển.",,,,,,,
Tôi có thể tìm giày cho việc đi bộ đường dài không?,,,,,,"Có, chúng tôi có nhiều mẫu giày dành riêng cho việc đi bộ đường dài.",,,,,,,
Có mẫu giày nào có thiết kế cho những người yêu thích nhảy không?,,,,,,"Có, chúng tôi có nhiều mẫu giày thiết kế dành riêng cho việc nhảy múa.",,,,,,,
Tôi có thể yêu cầu giày có khả năng chống va đập không?,,,,,,"Có, nhiều mẫu giày được thiết kế với tính năng chống va đập.",,,,,,,
Có giày nào có thiết kế cho những người thích chạy không?,,,,,,"Có, chúng tôi có nhiều mẫu giày thiết kế dành riêng cho những người thích chạy.",,,,,,,
Tôi có thể tìm giày có kiểu dáng hiện đại không?,,,,,,"Có, chúng tôi có nhiều mẫu giày với kiểu dáng hiện đại và thời thượng.",,,,,,,
Có mẫu giày nào có thiết kế cho việc tập thể hình không?,,,,,,"Có, chúng tôi có nhiều mẫu giày thiết kế cho việc tập thể hình.",,,,,,,
Tôi có thể yêu cầu giày có lớp lót bảo vệ không?,,,,,,"Có, nhiều mẫu giày có lớp lót bảo vệ giúp bảo vệ chân tốt hơn.",,,,,,,
Có giày nào có khả năng giữ ấm cho chân không?,,,,,,"Có, nhiều mẫu giày được thiết kế để giữ ấm cho chân trong thời tiết lạnh.",,,,,,,
Tôi có thể tìm giày cho người thích đi biển không?,,,,,,"Có, chúng tôi có nhiều mẫu giày thiết kế cho người thích đi biển.",,,,,,,
Có mẫu giày nào có thiết kế cho những người yêu thích cắm trại không?,,,,,,"Có, chúng tôi có nhiều mẫu giày thiết kế cho người yêu thích cắm trại.",,,,,,,
Tôi có thể yêu cầu giày có tính năng tự làm sạch không?,,,,,,"Có, một số mẫu giày được thiết kế với tính năng tự làm sạch.",,,,,,,
Có giày nào có khả năng chống thấm nước không?,,,,,,"Có, nhiều mẫu giày được thiết kế với tính năng chống thấm nước rất tốt.",,,,,,,
Tôi có thể tìm giày cho người thích thể thao không?,,,,,,"Có, chúng tôi có nhiều mẫu giày thể thao rất đa dạng.",,,,,,,
Có mẫu giày nào có thiết kế cho người có chân to không?,,,,,,"Có, chúng tôi có nhiều mẫu giày phù hợp cho người có chân to.",,,,,,,
Tôi có thể yêu cầu giày có kiểu dáng trẻ trung không?,,,,,,"Có, chúng tôi có nhiều mẫu giày với kiểu dáng trẻ trung và năng động.",,,,,,,
Có giày nào có tính năng giảm sốc không?,,,,,,"Có, nhiều mẫu giày được thiết kế với tính năng giảm sốc khi di chuyển.",,,,,,,
Tôi có thể tìm giày cho việc đi bộ hàng ngày không?,,,,,,"Có, chúng tôi có nhiều mẫu giày rất phù hợp cho việc đi bộ hàng ngày.",,,,,,,
Có mẫu giày nào có thiết kế cho người lớn tuổi không?,,,,,,"Có, chúng tôi có nhiều mẫu giày thiết kế dành riêng cho người lớn tuổi, an toàn và thoải mái.",,,,,,,
Tôi có thể yêu cầu giày có đế nhẹ không?,,,,,,"Có, nhiều mẫu giày có đế nhẹ giúp tăng cường sự thoải mái khi di chuyển.",,,,,,,
Có giày nào có khả năng chống lạnh không?,,,,,,"Có, nhiều mẫu giày được thiết kế để giữ ấm cho chân trong thời tiết lạnh.",,,,,,,
Tôi có thể tìm giày cho những người yêu thích thể thao không?,,,,,,"Có, chúng tôi có nhiều mẫu giày thể thao rất đa dạng.",,,,,,,
Có mẫu giày nào có thiết kế cho những người yêu thích đi bộ không?,,,,,,"Có, chúng tôi có nhiều mẫu giày thiết kế dành riêng cho những người thích đi bộ.",,,,,,,
Tôi có thể yêu cầu giày có chất liệu chống nước không?,,,,,,"Có, nhiều mẫu giày được làm từ chất liệu chống nước rất tốt.",,,,,,,
Có giày nào có khả năng chống trượt không?,,,,,,"Có, nhiều mẫu giày được thiết kế với tính năng chống trượt.",,,,,,,
Tôi có thể tìm giày cho người làm việc văn phòng không?,,,,,,"Có, chúng tôi có nhiều mẫu giày thời trang và thoải mái cho người làm việc văn phòng.",,,,,,,
Có mẫu giày nào có thiết kế cho các môn thể thao đồng đội không?,,,,,,"Có, chúng tôi có nhiều mẫu giày thiết kế cho các môn thể thao đồng đội.",,,,,,,
Tôi có thể yêu cầu giày có chất liệu dễ bảo quản không?,,,,,,"Có, nhiều mẫu giày được làm từ chất liệu dễ bảo quản và sạch sẽ.",,,,,,,
Có giày nào có khả năng làm giảm đau cho chân không?,,,,,,"Có, nhiều mẫu giày được thiết kế đặc biệt để giảm đau cho chân.",,,,,,,
Tôi có thể tìm giày có thiết kế dành riêng cho nam không?,,,,,,"Có, chúng tôi cung cấp nhiều mẫu giày dành riêng cho nam giới.",,,,,,,
Có mẫu giày nào có thiết kế cho người có bàn chân bẹt không?,,,,,,"Có, chúng tôi có nhiều mẫu giày thiết kế cho người có bàn chân bẹt.",,,,,,,
Tôi có thể yêu cầu giày có lớp lót thoáng khí không?,,,,,,"Có, nhiều mẫu giày có lớp lót thoáng khí giúp tăng cường sự thoải mái.",,,,,,,
Có giày nào có khả năng giữ ấm cho chân không?,,,,,,"Có, nhiều mẫu giày được thiết kế để giữ ấm cho chân trong mùa đông.",,,,,,,
Tôi có thể tìm giày cho những người yêu thích thể thao không?,,,,,,"Có, chúng tôi có nhiều mẫu giày thể thao rất đa dạng.",,,,,,,
Có mẫu giày nào có thiết kế cho người lớn tuổi không?,,,,,,"Có, chúng tôi có nhiều mẫu giày thiết kế dành riêng cho người lớn tuổi, an toàn và thoải mái.",,,,,,,
Tôi có thể tìm kiếm thông tin về sản phẩm không?,,,,,,"Có, bạn có thể tìm kiếm thông tin về sản phẩm trên trang web của chúng tôi.",,,,,,,
Có chương trình khuyến mãi nào đang diễn ra không?,,,,,,"Có, hiện tại chúng tôi đang có nhiều chương trình khuyến mãi hấp dẫn.",,,,,,,
Tôi có thể hủy đơn hàng của mình không?,,,,,,"Có, bạn có thể hủy đơn hàng trong vòng 24 giờ sau khi đặt hàng.",,,,,,,
Làm thế nào để theo dõi đơn hàng?,,,,,,Bạn có thể theo dõi đơn hàng của mình qua trang theo dõi đơn hàng trên website.,,,,,,,
Có thể thay đổi địa chỉ giao hàng sau khi đặt hàng không?,,,,,,"Có, bạn có thể thay đổi địa chỉ giao hàng nếu đơn hàng chưa được xử lý.",,,,,,,
Tôi có thể nhận hóa đơn điện tử không?,,,,,,"Có, chúng tôi cung cấp hóa đơn điện tử cho tất cả các đơn hàng.",,,,,,,
Có chính sách đổi trả hàng không?,,,,,,"Có, chúng tôi có chính sách đổi trả hàng trong vòng 30 ngày.",,,,,,,
Tôi có thể yêu cầu hỗ trợ kỹ thuật không?,,,,,,"Có, bạn có thể liên hệ với bộ phận hỗ trợ kỹ thuật của chúng tôi.",,,,,,,
Có mẫu nào cho sản phẩm mới không?,,,,,,"Có, chúng tôi luôn cập nhật mẫu mới cho các sản phẩm của mình.",,,,,,,
Tôi có thể xem đánh giá sản phẩm ở đâu?,,,,,,Bạn có thể xem đánh giá sản phẩm ngay trên trang chi tiết sản phẩm.,,,,,,,
Làm thế nào để liên hệ với bộ phận chăm sóc khách hàng?,,,,,,Bạn có thể gọi vào số hotline hoặc gửi email để liên hệ với chúng tôi.,,,,,,,
Tôi có thể tìm thông tin về công ty không?,,,,,,"Có, thông tin về công ty có thể được tìm thấy trong phần Giới thiệu trên website.",,,,,,,
Có thể thanh toán bằng thẻ tín dụng không?,,,,,,"Có, chúng tôi chấp nhận thanh toán qua thẻ tín dụng và thẻ ghi nợ.",,,,,,,
Tôi có thể nhận hàng vào cuối tuần không?,,,,,,"Có, chúng tôi có thể giao hàng vào cuối tuần tùy thuộc vào khu vực.",,,,,,,
Có cách nào để nhận thông báo về khuyến mãi không?,,,,,,"Có, bạn có thể đăng ký nhận thông báo qua email hoặc SMS.",,,,,,,
Tôi có thể đổi size sản phẩm không?,,,,,,"Có, bạn có thể đổi size sản phẩm trong vòng 30 ngày sau khi nhận hàng.",,,,,,,
Có sản phẩm nào phù hợp cho trẻ em không?,,,,,,"Có, chúng tôi có nhiều sản phẩm dành riêng cho trẻ em.",,,,,,,
Tôi có thể yêu cầu giao hàng nhanh không?,,,,,,"Có, chúng tôi cung cấp dịch vụ giao hàng nhanh với một khoản phí thêm.",,,,,,,
Có thể tìm sản phẩm theo thương hiệu không?,,,,,,"Có, bạn có thể tìm sản phẩm theo thương hiệu trên website của chúng tôi.",,,,,,,
Làm thế nào để tạo tài khoản mới?,,,,,,Bạn có thể tạo tài khoản mới bằng cách điền thông tin vào mẫu đăng ký trên trang web.,,,,,,,
Tôi có thể thay đổi mật khẩu tài khoản không?,,,,,,"Có, bạn có thể thay đổi mật khẩu tài khoản trong phần Cài đặt tài khoản.",,,,,,,
Có thể tìm kiếm sản phẩm theo giá không?,,,,,,"Có, bạn có thể lọc sản phẩm theo giá trên trang danh mục sản phẩm.",,,,,,,
Tôi có thể tìm giày thể thao không?,,,,,,"Có, chúng tôi có nhiều mẫu giày thể thao cho bạn lựa chọn.",,,,,,,
Có cách nào để mua hàng trả góp không?,,,,,,"Có, chúng tôi có chính sách mua hàng trả góp qua các ngân hàng đối tác.",,,,,,,
Tôi có thể tìm hiểu về chính sách bảo mật không?,,,,,,"Có, chính sách bảo mật của chúng tôi có thể được xem trên trang web.",,,,,,,
Có thể xem video giới thiệu sản phẩm không?,,,,,,"Có, bạn có thể xem video giới thiệu sản phẩm trên trang chi tiết sản phẩm.",,,,,,,
Tôi có thể tìm kiếm sản phẩm theo màu sắc không?,,,,,,"Có, bạn có thể lọc sản phẩm theo màu sắc trên trang danh mục.",,,,,,,
Có cách nào để liên hệ với người bán không?,,,,,,"Có, bạn có thể gửi tin nhắn cho người bán qua hệ thống chat của chúng tôi.",,,,,,,
Tôi có thể yêu cầu gửi sản phẩm mẫu không?,,,,,,"Có, bạn có thể yêu cầu gửi sản phẩm mẫu trước khi đặt hàng.",,,,,,,
Có thể tìm kiếm sản phẩm theo kích thước không?,,,,,,"Có, bạn có thể lọc sản phẩm theo kích thước trên trang web của chúng tôi.",,,,,,,
Tôi có thể tìm thấy các sản phẩm giảm giá không?,,,,,,"Có, bạn có thể tìm thấy các sản phẩm giảm giá trong mục Khuyến mãi.",,,,,,,
Có sản phẩm nào phù hợp cho mùa đông không?,,,,,,"Có, chúng tôi có nhiều sản phẩm thiết kế dành riêng cho mùa đông.",,,,,,,
Tôi có thể tìm sản phẩm theo loại không?,,,,,,"Có, bạn có thể lọc sản phẩm theo loại trên trang danh mục.",,,,,,,
Có thể yêu cầu đổi hàng với lý do gì không?,,,,,,"Có, bạn có thể yêu cầu đổi hàng với bất kỳ lý do nào hợp lý.",,,,,,,
Tôi có thể yêu cầu gọi điện để tư vấn không?,,,,,,"Có, bạn có thể yêu cầu bộ phận tư vấn gọi điện cho bạn.",,,,,,,
Có thể mua hàng không cần tài khoản không?,,,,,,"Có, bạn có thể mua hàng mà không cần tài khoản, nhưng việc tạo tài khoản sẽ giúp bạn dễ dàng hơn trong các lần mua sau.",,,,,,,
Tôi có thể tìm hiểu về chương trình khách hàng thân thiết không?,,,,,,"Có, chúng tôi có chương trình khách hàng thân thiết với nhiều ưu đãi hấp dẫn.",,,,,,,
Có thể tìm sản phẩm theo độ tuổi không?,,,,,,"Có, bạn có thể lọc sản phẩm theo độ tuổi trên trang web của chúng tôi.",,,,,,,
Tôi có thể nhận hàng tại cửa hàng không?,,,,,,"Có, bạn có thể chọn nhận hàng tại cửa hàng của chúng tôi.",,,,,,,
Có mẫu nào cho sản phẩm thể thao không?,,,,,,"Có, chúng tôi có nhiều mẫu sản phẩm thể thao cho bạn lựa chọn.",,,,,,,
Tôi có thể yêu cầu tư vấn về phong cách không?,,,,,,"Có, bạn có thể yêu cầu bộ phận tư vấn về phong cách thời trang.",,,,,,,
Có cách nào để thanh toán khi nhận hàng không?,,,,,,"Có, chúng tôi cung cấp phương thức thanh toán khi nhận hàng.",,,,,,,
Tôi có thể tìm hiểu về điều khoản sử dụng không?,,,,,,"Có, điều khoản sử dụng có thể được xem trên trang web của chúng tôi.",,,,,,,
Có thể xem các mẫu sản phẩm nổi bật không?,,,,,,"Có, bạn có thể xem các mẫu sản phẩm nổi bật trên trang chủ.",,,,,,,
Tôi có thể yêu cầu hỗ trợ về bảo hành không?,,,,,,"Có, bạn có thể liên hệ với bộ phận hỗ trợ để được tư vấn về bảo hành.",,,,,,,
Có thể tìm sản phẩm theo phong cách không?,,,,,,"Có, bạn có thể lọc sản phẩm theo phong cách trên trang web của chúng tôi.",,,,,,,
Tôi có thể yêu cầu gửi hàng quốc tế không?,,,,,,"Có, chúng tôi cung cấp dịch vụ giao hàng quốc tế cho một số sản phẩm.",,,,,,,
Có thể tìm sản phẩm theo đặc điểm không?,,,,,,"Có, bạn có thể lọc sản phẩm theo đặc điểm trên trang danh mục.",,,,,,,
Tôi có thể yêu cầu thông tin về sản phẩm trước khi mua không?,,,,,,"Có, bạn có thể yêu cầu thông tin chi tiết về sản phẩm trước khi quyết định mua.",,,,,,,
Có thể tìm kiếm sản phẩm theo thời gian giao hàng không?,,,,,,"Có, bạn có thể chọn lọc sản phẩm theo thời gian giao hàng trên trang web.",,,,,,,
Tôi có thể tìm hiểu về chính sách bảo hành không?,,,,,,"Có, thông tin về chính sách bảo hành có thể được tìm thấy trên website.",,,,,,,
Có cách nào để tìm hiểu về nguồn gốc sản phẩm không?,,,,,,"Có, bạn có thể tìm hiểu về nguồn gốc sản phẩm trong phần mô tả sản phẩm.",,,,,,,
Tôi có thể yêu cầu hướng dẫn sử dụng sản phẩm không?,,,,,,"Có, chúng tôi có thể cung cấp hướng dẫn sử dụng cho các sản phẩm.",,,,,,,
Có thể xem các hình ảnh chi tiết của sản phẩm không?,,,,,,"Có, bạn có thể xem nhiều hình ảnh chi tiết của sản phẩm trên trang web.",,,,,,,
Tôi có thể yêu cầu thay đổi đơn hàng không?,,,,,,"Có, bạn có thể yêu cầu thay đổi đơn hàng trước khi nó được xử lý.",,,,,,,
Có thể tìm kiếm sản phẩm theo loại hình không?,,,,,,"Có, bạn có thể lọc sản phẩm theo loại hình trên trang web của chúng tôi.",,,,,,,
Tôi có thể tìm giày cho mùa hè không?,,,,,,"Có, chúng tôi có nhiều mẫu giày phù hợp cho mùa hè.",,,,,,,
Có thể tìm sản phẩm theo thương hiệu không?,,,,,,"Có, bạn có thể tìm kiếm sản phẩm theo thương hiệu trên trang web của chúng tôi như là adidas,nike",,,,,,,
Tôi có thể tìm hiểu về lịch sử đặt hàng không?,,,,,,"Có, bạn có thể xem lịch sử đặt hàng trong tài khoản của mình.",,,,,,,
Có thể yêu cầu gửi hàng nhanh hơn không?,,,,,,"Có, bạn có thể yêu cầu gửi hàng nhanh hơn",,,,,,,
Tôi có câu hỏi khác,,,,,,Tôi sẽ rất vui lòng trả lời mọi câu hỏi của bạn! Bạn đang tìm kiếm thông tin gì? Vui lòng hỏi tôi bất kỳ điều gì về sản phẩm.,,,,,,,
Các mẫu giày như thế nào,,,,,,"Các mãu giày chạy thể thao năng động, giúp cho người dùng có thể dễ dàng hoạt động hơn.",,,,,,,
Điển hình là những loại giày nào ,,,,,,"Điển hình như Nike, adidas",,,,,,,
Cổ cao,,,,,,"Giày có phần cổ kéo dài lên trên mắt cá chân, hỗ trợ cổ chân tốt.",,,,,,,
Cổ thấp,,,,,,"Giày có cổ thấp, không che mắt cá chân, phù hợp cho di chuyển linh hoạt.",,,,,,,
Đế phẳng,,,,,,"Giày có đế phẳng, không có gót cao, phù hợp cho hoạt động thường ngày.",,,,,,,
Đế độn,,,,,,"Giày có đế độn cao, tạo chiều cao và phong cách thời trang.",,,,,,,
Đế mềm,,,,,,"Giày có đế mềm mại, hỗ trợ giảm chấn động khi di chuyển.",,,,,,,
Đế cứng,,,,,,"Giày có đế cứng, tăng độ bền và ổn định khi vận động mạnh.",,,,,,,
Chạy bộ,,,,,,"Giày thiết kế nhẹ, có khả năng hỗ trợ chân trong quá trình chạy bộ.",,,,,,,
Vải Flyknit,,,,,,"Vải Flyknit là Vải dệt nhẹ, linh hoạt, và thoáng khí.",,,,,,,
Vải dệt và tổng hợp,,,,,,"Vải dệt và tổng hợp là Kết hợp giữa sợi dệt và vật liệu tổng hợp, bền và đa dụng.",,,,,,,
Nhôm gốm nhẹ,,,,,,"Nhôm gốm nhẹ là Chất liệu nhẹ, bền với khả năng chịu lực cao.",,,,,,,
Vải Nike ZoomX,,,,,,"Vải Nike ZoomX là  Vật liệu bọt nhẹ, mang lại khả năng hoàn trả năng lượng cao.",,,,,,,
Vật liệu cứng chống mài mòn,,,,,,Vật liệu cứng chống mài mòn là Chống chịu va đập và hao mòn tốt.,,,,,,,
Bọt ReactX với Flyknit,,,,,,Bọt ReactX với Flyknit là Kết hợp bọt đàn hồi và vải Flyknit để tăng sự thoải mái.,,,,,,,
Vải đan,,,,,,"Vải đan là Chất liệu dệt chặt, bền và linh hoạt.",,,,,,,
adidas PRIMEKNIT,,,,,,"adidas PRIMEKNIT là Vải dệt linh hoạt, ôm sát chân, tạo cảm giác thoải mái.",,,,,,,
EVA siêu nhẹ,,,,,,"EVA siêu nhẹ có công nghệ Bọt nhẹ, đàn hồi cao, hỗ trợ tốt khi di chuyển.",,,,,,,
Vải tổng hợp,,,,,,"Vải tổng hợp  Bền, dễ bảo quản, kháng thời tiết.",,,,,,,
Tái chế,,,,,,"Sử dụng vật liệu thân thiện với môi trường, tái sử dụng.",,,,,,,
Màng GORETEX,,,,,,"Chống thấm nước, thoáng khí, phù hợp với mọi điều kiện thời tiết.",,,,,,,
EVA và chất liệu tái chế,,,,,,Kết hợp giữa bọt EVA nhẹ và vật liệu thân thiện với môi trường.,,,,,,,
